1614211222,49695.3,0.000384443,22616,0.000375,0.00161523,560
1614211256,49784.7,0.00179909,34362,0.001754,0.00189962,925
1614211266,49831.7,0.000943673,9604,0.04022,0.00105454,317
1614211270,49873.3,0.00083539,3958,0.000358,0.00116329,363
1614211275,49915.5,0.000845423,5037,0.004944,0.00115222,182
1614211279,49946.3,0.000617685,4306,0.010064,0.00137952,223
1614211281,49962.2,0.000317216,1740,0.020048,0.00167938,129
1614211282,49978.5,0.000326106,541,0.00096,0.00167056,28
1614211284,49985.1,0.000133339,1985,0.014514,0.00186291,46
1614211284,49996.2,0.000220925,594,0.002344,0.00177553,84
1614211284,50008,0.00023744,194,0.001847,0.00175904,62
1614211284,50020.2,0.000244023,0,0.00036,0.00175245,52
1614211284,49920.2,0.00199997,22,0.011408,0.00220465,20
1614211293,49879.9,0.000806913,8865,0.000976,0.00153949,477
1614211308,49859.9,0.000401511,14312,0.010531,0.00122771,321
1614211337,49807.1,0.00105961,29724,0.024994,0.00157543,757
1614211346,49819.1,0.000242498,8273,0.016467,0.00175396,285
1614211346,49831.5,0.000247379,190,0.003654,0.00174906,7
1614211350,49834.5,6.05949e-05,4136,0.00251,0.00193551,83
1614211351,49734.8,0.00199998,1098,0.14221,0.00205642,14
1614211359,49755.4,0.000413993,7433,0.024319,0.0015856,151
1614211382,49737.4,0.000362633,23285,0.025,0.00119043,395
1614211389,49703.1,0.000689167,7656,0.000862,0.00140299,313
1614211397,49766.5,0.00127641,7590,0.001124,0.00177413,220
1614211408,49830.9,0.0012926,10856,0.007521,0.00174133,260
1614211427,49834.2,6.78859e-05,18760,0.042458,0.00137786,468
1614211447,49896.9,0.00125769,20668,0.062059,0.00162915,497
1614211468,49833.7,0.00126707,20820,0.037885,0.00166366,409
1614211475,49860.5,0.000537726,7036,0.000233,0.00146166,158
1614211510,49899.8,0.00078751,35084,0.057444,0.0013942,573
1614211528,49924.6,0.000498656,17449,0.00053,0.00149894,309
1614211530,49824.8,0.00199997,2045,0.000705,0.00200427,43
1614211542,49769,0.00112057,11859,0.15729,0.00157513,321
1614211547,49846.1,0.00155068,5798,0.043806,0.00182186,163
1614211564,49818.1,0.00056165,16618,0.003485,0.00130299,295
1614211597,49771.8,0.000930964,32685,0.17273,0.00153723,670
1614211606,49796.7,0.000500566,9459,0.006393,0.00149887,188
1614211624,49830.7,0.000683796,17332,0.02055,0.00134673,256
1614211648,49783.4,0.000950013,24577,0.000215,0.00150306,464
1614211661,49805.9,0.000452272,12888,0.037427,0.00154733,290
1614211684,49769.7,0.000725786,22770,0.000322,0.00136687,430
1614211735,49813.1,0.000870807,50957,0.018182,0.00112691,907
1614211750,49833.7,0.000413813,15447,0.021414,0.00158303,201
1614211752,49857.4,0.000475331,1506,0.009196,0.00152162,56
1614211752,49871.8,0.000288949,637,0.005,0.0017076,13
1614211756,49772.1,0.00199997,3999,0.035371,0.00206177,100
1614211807,49805.4,0.000669615,50276,0.001,0.00132769,712
1614211811,49834.1,0.000576619,4646,0.010448,0.00142053,103
1614211814,49845.6,0.000231079,2869,0.0028,0.00176539,56
1614211814,49850,8.82412e-05,27,0.00973,0.00190792,2
1614211817,49850.7,1.41832e-05,2643,0.006906,0.0019818,31
1614211817,49852.4,3.37727e-05,105,0.0209,0.00196226,2
1614211817,49752.7,0.00199997,80,0.033462,0.00200138,5
1614211869,49705.8,0.000943495,52247,0.028566,0.00148351,724
1614211907,49711,0.00010625,38213,0.003147,0.00189372,616
1614211914,49802.4,0.00183844,6304,0.04586,0.0019193,90
1614211976,49850.1,0.00095722,62114,0.000552,0.00104067,864
1614211996,49893.3,0.000866504,20126,6e-06,0.0011312,387
1614212006,49893.3,2.34876e-07,10182,0.000201,0.00199621,204
1614212006,49894.4,2.27047e-05,139,0.012472,0.00197335,2
1614212007,49894.4,0,316,0.0428,0.00199601,6
1614212007,49896.9,5.01841e-05,355,0.014866,0.00194591,5
1614212008,49797.1,0.00199998,774,0.032654,0.00204562,13
1614212029,49697.5,0.00199999,21408,0.003301,0.00202682,407
1614212044,49678.7,0.000379798,14607,0.000831,0.00119968,258
1614212046,49725.2,0.000937352,2739,0.006039,0.0010608,239
1614212054,49760.4,0.000706382,7986,0.025722,0.001291,121
1614212061,49760.6,5.57359e-06,6730,0.00046,0.0019904,95
1614212064,49661.1,0.00199997,3026,0.010039,0.00200193,41
1614212079,49585.9,0.00151464,15208,0.000666,0.00176139,384
1614212107,49532.3,0.00108075,27736,0.0003,0.00156192,709
1614212123,49541,0.000175075,15541,0.010064,0.0018248,364
1614212132,49602.2,0.00123533,9656,0.01007,0.00161798,178
1614212173,49607.4,0.000105291,41080,0.000205,0.00189461,505
1614212174,49700.5,0.00187685,185,0.034,0.0019385,14
1614212216,49733.2,0.00065824,41946,0.0004,0.00134077,1006
1614212236,49763.5,0.000608402,20502,0.000201,0.00139078,459
1614212257,49837,0.00147707,21093,0.001491,0.00173877,601
1614212267,49873.1,0.000724158,10312,0.001072,0.00127329,193
1614212271,49909.3,0.000727237,3922,0.020061,0.00127018,114
1614212275,49912.3,5.94829e-05,4095,0.010029,0.00193664,68
1614212279,49930.8,0.000370181,3137,0.281184,0.00162652,53
1614212279,49949.5,0.000374659,133,0.087,0.00162209,56
1614212279,49957.5,0.000161257,18,0.05,0.00183506,14
1614212279,49969,0.000230274,351,0.208508,0.00176619,43
1614212281,49869.1,0.00199999,2051,0.012,0.0020866,45
1614212322,49896.8,0.000555203,40798,0.000801,0.00144417,840
1614212367,49903.5,0.000134966,44835,0.130144,0.00186502,1065
1614212367,49979.9,0.00153077,328,0.83205,0.00176559,17
1614212382,50017.3,0.000748816,15354,0.122714,0.0012487,341
1614212391,50042.8,0.00050873,8039,0.005345,0.00148823,164
1614212395,49942.7,0.00200001,4021,0.000236,0.0020139,74
1614212419,49865.9,0.00153864,24294,0.017624,0.00177203,407
1614212433,49882.4,0.000330809,14249,0.012741,0.00166885,327
1614212444,49923.4,0.000822247,10478,0.00104,0.00141152,125
1614212477,49963.6,0.00080561,33614,0.016383,0.00152953,438
1614212501,49975.7,0.000242833,23914,0.000308,0.00175706,727
1614212503,50008.8,0.000660868,2116,0.06,0.00133088,87
1614212537,50046.3,0.000750025,33559,0.002355,0.00124861,689
1614212554,50085.1,0.000777015,16870,0.002515,0.00122184,691
1614212584,50014,0.00142024,30571,0.008082,0.00174858,1022
1614212618,50044.2,0.000603034,33433,0.00022,0.00139617,735
1614212641,50055.6,0.000228392,23283,0.000725,0.00111472,383
1614212667,50082.2,0.00053183,25809,0.006288,0.00146759,458
1614212671,50101.3,0.00038039,4687,0.024564,0.0011907,368
1614212709,50094.1,0.000143226,37521,0.015311,0.00214324,811
1614212709,50195.7,0.00202837,21,0.000799,0.00201418,1
1614212727,50203.9,0.000163112,17969,0.001251,0.00183322,575
1614212728,50209.6,0.000114144,688,0.116536,0.00188209,14
1614212728,50209.6,0,126,0.035331,0.00199601,4
1614212728,50209.6,0,70,0.003648,0.00199601,2
1614212729,50109.2,0.00199997,696,0.000715,0.0020265,6
1614212776,50116.9,0.00015435,47163,0.003373,0.00184558,919
1614212778,50172.7,0.00111294,2108,0.2,0.00155683,58
1614212810,50187.8,0.00029959,32612,0.000323,0.0017003,1181
1614212815,50288.3,0.00200435,4524,0.00061,0.00200217,483
1614212821,50311,0.000450993,6194,0.000318,0.00134443,687
1614212832,50348.5,0.000745286,11214,0.042534,0.00125299,426
1614212848,50379.7,0.000619277,15512,0.000977,0.00137883,498
1614212852,50418.1,0.000761638,4148,0.000228,0.00123585,155
1614212852,50448.4,0.00060099,398,0.035234,0.00139622,69
1614212852,50454.7,0.000124741,34,0.007677,0.0018715,42
1614212853,50457.2,5.07882e-05,155,0.000302,0.00194528,7
1614212853,50461,7.48623e-05,239,0.001051,0.00192126,59
1614212853,50466,9.93186e-05,411,0.122548,0.00189689,15
1614212853,50365.1,0.00199995,131,0.012027,0.00200607,5
1614212858,50405.4,0.000800949,4762,0.009936,0.00119665,165
1614212861,50412.6,0.000142904,2680,0.00207,0.00185333,58
1614212862,50420.1,0.000149082,809,0.00023,0.00184718,21
1614212864,50426.2,0.000119232,2133,0.000216,0.00187696,31
1614212864,50435.9,0.000193739,259,0.003572,0.0018026,5
1614212864,50436.2,4.72443e-06,344,0.006926,0.00199123,3
1614212865,50438.1,3.79502e-05,217,0.000375,0.00195808,4
1614212865,50440.7,5.11146e-05,355,0.0159,0.00194499,2
1614212865,50445.8,0.000101682,316,0.005535,0.00189448,8
1614212865,50450.9,0.000101517,120,0.080675,0.00189467,9
1614212866,50350,0.00200001,230,0.024438,0.00200396,10
1614212885,50264.2,0.00170471,19099,0.000402,0.00187787,517
1614212924,50293.3,0.000579749,38901,0.000705,0.00141813,997
1614212943,50323.6,0.000602481,19584,0.054309,0.00139471,375
1614212948,50336.4,0.000253981,4367,0.008386,0.00174247,57
1614212953,50337,1.21837e-05,5381,0.00304,0.00198384,74
1614212954,50340.8,7.42651e-05,1585,0.032719,0.00192189,27
1614212956,50341.1,6.36289e-06,1679,0.0003,0.00198964,20
1614212956,50341.1,1.00874e-06,138,0.009407,0.00199499,3
1614212957,50341.2,1.7847e-06,608,0.000416,0.00199421,11
1614212959,50341.2,0,1630,0.032151,0.00199599,23
1614212959,50342.1,1.80797e-05,381,0.003203,0.00197791,11
1614212959,50342.2,1.39669e-06,186,0.000318,0.00199456,6
1614212960,50342.5,6.20752e-06,475,0.001661,0.00198982,4
1614212960,50241.8,0.00199997,644,0.008381,0.00200595,9
1614212970,50329.1,0.0017373,9821,0.003181,0.00186877,215
1614212994,50365.9,0.000730271,23662,0.000383,0.00126721,399
1614213003,50405.8,0.000792638,9514,0.000396,0.00120493,175
1614213006,50446.2,0.000801697,2601,0.030976,0.00119592,110
1614213018,50345.3,0.00199997,11880,0.028559,0.00206857,524
1614213027,50362.9,0.000350238,9510,0.009924,0.00124593,207
1614213086,50368.5,0.000109673,58413,0.004152,0.00189026,1290
1614213087,50462.2,0.00186113,1806,0.082404,0.00193062,98
1614213132,50502.2,0.000793292,44514,0.000731,0.00120503,1033
1614213159,50546.2,0.000870166,26660,0.041333,0.00112828,846
1614213165,50581.7,0.000701942,5919,0.000507,0.001297,616
1614213174,50585.7,7.90801e-05,9581,0.002003,0.00191715,419
1614213175,50586.1,9.11202e-06,1019,0.00042,0.00198688,25
1614213175,50590.3,8.23935e-05,43,0.01595,0.00191374,3
1614213176,50592.8,4.93394e-05,323,0.000316,0.00194671,5
1614213176,50594.2,2.83359e-05,656,0.00188,0.00196769,17
1614213176,50493,0.00199998,144,0.000317,0.00207958,5
1614213187,50458.8,0.000677383,10714,0.0025,0.00134711,245
1614213203,50478.5,0.000389163,15563,0.001779,0.00160782,539
1614213205,50495,0.000327801,2006,0.037998,0.00166887,40
1614213205,50497.9,5.75552e-05,111,0.000475,0.00193854,3
1614213205,50396.9,0.00200001,613,0.000269,0.00204255,2
1614213218,50441.7,0.000887874,12895,0.015571,0.0011104,438
1614213228,50443.5,3.62424e-05,9794,0.000778,0.0019598,192
1614213228,50443.9,7.74381e-06,40,0.024093,0.00198822,2
1614213228,50343,0.00199998,417,0.001215,0.0020037,11
1614213252,50333.7,0.000184903,23340,0.000277,0.00110011,636
1614213272,50338.6,9.84834e-05,20554,0.0256,0.00190137,484
1614213273,50424.6,0.00170804,1042,0.0037,0.00185416,33
1614213280,50509,0.00167306,6546,0.04439,0.00183798,268
1614213284,50450.6,0.00115674,4141,0.00198,0.00176229,133
1614213299,50366,0.00167529,14877,0.04357,0.00184323,349
1614213322,50383.9,0.000354436,22891,0.015627,0.0013602,423
1614213345,50425,0.000814993,23185,0.000797,0.0011831,382
1614213354,50433.7,0.000172673,9020,0.017457,0.00182364,146
1614213354,50448.5,0.00029409,106,0.019823,0.0017025,28
1614213354,50458.3,0.000194815,164,0.00122,0.00180157,7
1614213355,50468.7,0.000205306,897,0.097862,0.00179108,9
1614213358,50476.3,0.000150542,2396,0.004762,0.00184575,46
1614213359,50375.3,0.00200001,1546,0.016623,0.00201208,21
1614213377,50419.7,0.00088112,18223,0.056216,0.00111739,282
1614213393,50447.2,0.000544569,16110,0.008859,0.00145249,263
1614213396,50474.7,0.000545202,2270,0.000521,0.00145186,73
1614213399,50475.4,1.38529e-05,3279,0.036957,0.00198212,63
1614213400,50475.4,0,1371,0.050083,0.00199595,17
1614213401,50483.2,0.000155862,455,0.000818,0.00184039,10
1614213401,50493.9,0.000211781,601,0.005504,0.00178463,11
1614213402,50497,6.11924e-05,932,0.018755,0.00193495,10
1614213403,50396,0.00199996,723,0.005091,0.00212907,10
1614213409,50430.7,0.000687368,5492,0.020945,0.00131001,204
1614213414,50465.6,0.000691698,5320,0.000195,0.00130563,107
1614213416,50476.9,0.00022424,2358,0.00738,0.00177217,43
1614213418,50488.1,0.000221946,1323,0.001001,0.00177448,25
1614213419,50387.1,0.00200001,1302,0.000561,0.00204194,28
1614213445,50397.4,0.000204045,26167,0.09634,0.00179586,424
1614213448,50477.9,0.0015987,3031,0.010405,0.00179953,101
1614213473,50505,0.000535274,25298,0.000717,0.00146227,375
1614213487,50536.9,0.000631899,13150,0.098,0.00136535,156
1614213500,50550.9,0.000277335,13668,0.032501,0.0017192,155
1614213503,50550.9,2.31821e-07,2488,0.000335,0.00199575,34
1614213505,50550.9,2.31821e-07,2652,0.000903,0.00199621,45
1614213506,50556.4,0.000108415,165,0.00022,0.00188779,2
1614213507,50455.3,0.00200001,975,0.1,0.00210416,3
1614213563,50459.1,7.68781e-05,56954,0.01983,0.00191924,803
1614213564,50358.2,0.00199999,322,0.0009,0.00211248,12
1614213603,50410.5,0.00103726,39219,0.000282,0.00163167,612
1614213655,50352.3,0.00115451,51853,0.0008,0.00161053,791
1614213744,50353,1.39641e-05,88725,0.040175,0.00198601,1337
1614213744,50456.3,0.00205277,299,0.000215,0.0020264,9
1614213760,50494.8,0.000762184,15944,0.008753,0.00123653,389
1614213790,50541.6,0.000927076,29871,0.029741,0.0010712,775
1614213807,50586.5,0.000888965,17568,0.000192,0.00110939,392
1614213811,50620.1,0.00066339,3739,0.000372,0.00133574,436
1614213819,50646.6,0.000524356,8249,0.009157,0.00135615,732
1614213824,50648.8,4.21116e-05,4500,0.000786,0.00195788,472
1614213824,50749.9,0.00199767,139,0.003846,0.00199883,45
1614213831,50783.8,0.000666642,7512,0.016086,0.00133221,557
1614213838,50818.2,0.000678735,6326,0.018893,0.00132032,548
1614213866,50848.1,0.000588033,28471,0.058328,0.00141128,1327
1614213890,50780.1,0.00133685,23903,0.002403,0.00167164,641
1614213899,50763.3,0.000331392,8717,0.000902,0.00123672,243
1614213905,50765.9,5.00177e-05,6613,0.01742,0.00124082,268
1614213914,50832.6,0.00131432,8377,0.048697,0.00178408,335
1614213921,50765.7,0.00131529,6817,0.001181,0.00169144,138
1614213928,50745.4,0.000401277,7395,0.02419,0.00133179,196
1614213935,50692.8,0.00103481,6544,0.002368,0.00153331,181
1614213954,50720,0.00053601,19154,0.000383,0.00146216,545
1614213969,50724.2,8.34853e-05,15605,0.0004,0.00191269,344
1614213970,50727,5.39067e-05,256,0.008141,0.00194218,2
1614213970,50625.5,0.00199998,36,0.000237,0.00204288,1
1614214008,50594.8,0.000606321,38172,0.00365,0.00130817,783
1614214034,50612.3,0.000345885,26405,0.012,0.00165122,681
1614214049,50638.9,0.000524437,14611,0.033031,0.00147259,226
1614214054,50661.1,0.00043846,4992,0.0153,0.00155837,68
1614214054,50662.8,3.33867e-05,387,0.000232,0.00196264,41
1614214055,50673.1,0.000203321,672,0.000535,0.00179303,13
1614214055,50673.4,7.40038e-06,293,0.025179,0.00198862,10
1614214057,50678.7,0.000103373,1426,0.001344,0.00189279,11
1614214057,50577.3,0.00199996,839,0.004141,0.00206363,3
1614214066,50576.1,2.34017e-05,9017,0.000647,0.00105261,200
1614214096,50511.4,0.00127955,29346,0.04,0.00172373,508
1614214136,50537.4,0.000514271,40020,0.2,0.00148504,772
1614214149,50502.6,0.000689155,12945,0.000334,0.00137105,203
1614214162,50541.5,0.000771,13682,0.485684,0.00122781,309
1614214207,50561.8,0.000401743,45011,0.000463,0.00159507,705
1614214213,50576.1,0.000282374,5624,0.059562,0.00171418,60
1614214213,50583.6,0.000148832,14,0.146471,0.00184746,2
1614214213,50591.5,0.000155065,73,0.353836,0.00184124,23
1614214213,50601,0.000188165,328,0.05994,0.00180822,25
1614214214,50611.9,0.000215226,313,0.004026,0.00178117,8
1614214215,50510.7,0.00199998,1018,0.009885,0.0020236,18
1614214272,50521.3,0.000211125,57323,0.000337,0.00178528,890
1614214274,50526.4,0.00010036,2082,0.001825,0.00189586,27
1614214280,50532.8,0.000127331,5410,0.010817,0.00186892,65
1614214281,50542.1,0.000183977,949,0.009196,0.0018124,24
1614214282,50553.4,0.000222432,1209,0.015669,0.00177397,28
1614214282,50564.8,0.00022671,589,0.045617,0.00176971,26
1614214284,50571,0.000122677,1852,0.000564,0.00187352,31
1614214289,50573.2,4.37967e-05,4493,0.007267,0.00195224,41
1614214290,50573.7,8.18738e-06,1725,0.000336,0.00198783,26
1614214291,50573.7,1.77649e-06,636,0.002917,0.00199423,9
1614214297,50586.5,0.000251566,6418,0.00891,0.0017449,56
1614214302,50588.1,3.22777e-05,4699,0.007584,0.00196376,40
1614214304,50589.1,1.96903e-05,2102,0.007591,0.00197636,28
1614214306,50487.9,0.00199995,1695,0.003857,0.00200451,18
1614214333,50503.8,0.000313503,27429,0.00124,0.00168334,677
1614214337,50517.1,0.000264368,3187,0.043126,0.00173216,38
1614214337,50532.6,0.000307059,423,0.000396,0.00168956,26
1614214337,50543.4,0.000213507,279,0.0575,0.00178288,11
1614214337,50548.6,0.000102171,22,0.000493,0.00189403,4
1614214338,50552,6.87767e-05,307,0.009322,0.00192737,4
1614214338,50557.5,0.000108567,363,0.00704,0.0018876,9
1614214338,50567.8,0.000202971,411,0.032654,0.00179344,9
1614214340,50580.9,0.000259553,1411,0.000507,0.00173692,32
1614214341,50594.7,0.000271764,1532,0.192082,0.00172473,51
1614214342,50611,0.000323265,963,0.012937,0.00167338,25
1614214343,50627.2,0.000319533,385,0.17818,0.00167708,44
1614214343,50635.4,0.000161644,177,0.195525,0.00183464,8
1614214343,50638.6,6.29501e-05,352,0.0014,0.00193317,13
1614214344,50645.2,0.000131755,406,0.003932,0.00186447,6
1614214346,50543.9,0.00199997,2024,0.001304,0.00212384,47
1614214359,50593.3,0.000976254,13090,0.009896,0.0010217,182
1614214362,50629.1,0.00070731,3572,0.22,0.00129008,73
1614214369,50655.4,0.000519325,6751,0.0117,0.00147766,134
1614214372,50681.4,0.000513889,3078,0.01,0.00148314,72
1614214374,50686,9.09481e-05,2090,0.007869,0.00190521,62
1614214374,50687,2.00376e-05,186,0.009151,0.00197601,2
1614214375,50690.2,6.33483e-05,415,0.001419,0.00193274,3
1614214377,50695.4,0.000101104,1795,0.041068,0.00189509,26
1614214378,50695.4,0,1483,0.001688,0.00199599,10
1614214378,50698.2,5.64801e-05,101,0.077432,0.00193959,4
1614214378,50700.1,3.69065e-05,64,0.000686,0.00195913,2
1614214379,50704.5,8.72163e-05,852,0.002546,0.00190897,13
1614214379,50603.1,0.00199995,138,0.042467,0.00204132,6
1614214396,50525.5,0.00153446,17152,0.00099,0.00180008,275
1614214412,50563,0.000742741,15569,0.000395,0.00125501,247
1614214421,50601,0.00075177,8814,0.010003,0.00124574,113
1614214440,50607.9,0.000136793,18799,0.869602,0.00185945,181
1614214440,50506.7,0.00199998,53,0.028626,0.00202723,6
1614214462,50546.4,0.000786405,22625,0.028382,0.00121232,356
1614214502,50583.6,0.000735478,39310,0.002971,0.00126346,445
1614214542,50538,0.000901741,40375,0.03956,0.00149984,542
1614214598,50578.4,0.000799522,56037,0.031941,0.00119828,623
1614214627,50620.6,0.000834024,28790,0.029666,0.00116365,296
1614214647,50643.6,0.000455055,19981,0.000851,0.0015418,161
1614214647,50646.4,5.44553e-05,448,0.015584,0.00194165,43
1614214648,50545.1,0.002,810,0.00989,0.00201103,18
1614214702,50533.8,0.000223501,53554,0.032554,0.00133606,652
1614214741,50546,0.000241485,38946,0.001247,0.00175842,500
1614214744,50648.7,0.00203149,3547,0.003,0.00201572,116
1614214760,50566.4,0.00162478,15791,0.001916,0.00188076,230
1614214789,50508.7,0.00114029,28938,0.023863,0.00161174,375
1614214860,50430.2,0.00155403,71058,0.001249,0.00178164,1072
1614214875,50508.9,0.00156009,14945,0.0004,0.00188379,317
1614214887,50546.1,0.000735715,11877,0.00036,0.00126316,210
1614214946,50559.7,0.000269479,58938,0.4,0.00172708,642
1614214949,50563.2,6.90706e-05,2983,0.000882,0.00192702,36
1614214952,50563.5,7.03019e-06,3134,0.071167,0.001989,16
1614214953,50563.8,4.94428e-06,1172,0.007382,0.00199108,10
1614214953,50462.7,0.00199995,525,1e-06,0.00200095,10
1614214975,50498.7,0.000714173,21769,0.004896,0.00128452,286
1614215023,50514.1,0.000305933,48006,0.003955,0.00169389,600
1614215030,50550.8,0.000725508,6884,0.087,0.00136317,126
1614215080,50583.9,0.000654354,49549,0.044316,0.00134464,612
1614215132,50617.6,0.000667595,52779,0.02299,0.00133148,637
1614215140,50581,0.000723716,7773,0.05414,0.0013681,270
1614215174,50539.5,0.000821084,33335,0.022,0.00143512,552
1614215291,50550.6,0.000219507,117229,0.105001,0.0017804,1266
1614215299,50640.6,0.00178117,8575,0.02,0.00189067,144
1614215380,50663.8,0.000458269,80490,0.000592,0.00153926,785
1614215388,50696.5,0.000644953,8605,0.015605,0.00135228,100
1614215401,50724.8,0.000558008,12493,0.000405,0.00143909,221
1614215401,50754.7,0.00058981,373,0.022865,0.00140733,64
1614215401,50776.3,0.000426608,19,0.061778,0.00157021,45
1614215401,50779.1,5.46976e-05,4,0.015533,0.00194142,16
1614215401,50782.4,6.50796e-05,13,0.067,0.001931,36
1614215401,50782.4,0,29,0.006595,0.00199595,34
1614215402,50801.9,0.000383991,350,0.062,0.00161273,37
1614215402,50813.8,0.000233674,156,0.010698,0.00176274,9
1614215402,50815.3,2.88277e-05,23,0.000394,0.0019672,5
1614215402,50819.6,8.54043e-05,185,0.031395,0.00191072,6
1614215402,50820.7,2.06767e-05,45,0.002605,0.00197535,3
1614215402,50820.7,0,51,0.0013,0.00199599,8
1614215402,50820.7,0,70,0.011282,0.00199599,3
1614215402,50831,0.000202689,0,0.004027,0.00179369,10
1614215402,50729.3,0.00199997,9,0.004829,0.00210041,9
1614215410,50764.4,0.000692786,7887,0.023564,0.00134799,496
1614215415,50786.2,0.000428603,4661,0.00049,0.00156837,188
1614215416,50810.6,0.000480261,1238,0.046272,0.0015167,40
1614215417,50829,0.000363175,795,0.002906,0.00163352,18
1614215417,50841,0.000234779,28,0.0153,0.00176165,5
1614215417,50841,0,187,0.000974,0.00199596,15
1614215418,50739.3,0.00199996,1363,0.015783,0.00201148,45
1614215459,50757.5,0.000359605,40352,0.005055,0.00164012,783
1614215461,50824.5,0.00131946,2084,0.000494,0.00166001,147
1614215480,50782.8,0.000821685,19205,0.06427,0.00141549,465
1614215490,50726,0.00111704,10187,0.000535,0.00159626,246
1614215509,50762.1,0.000711466,18308,0.00647,0.00128694,306
1614215529,50706.3,0.00110034,20905,0.019845,0.00157005,326
1614215558,50740.8,0.000681853,28334,0.063216,0.00131718,392
1614215575,50753.6,0.000251585,17184,0.003935,0.00174831,264
1614215588,50824.9,0.00140415,13264,0.012245,0.00170231,297
1614215614,50773.4,0.00101175,25694,0.008267,0.001612,411
1614215631,50812.4,0.00076681,16874,0.010943,0.00123111,296
1614215645,50861.7,0.000969867,14434,0.140747,0.00102806,571
1614215650,50881.9,0.000397678,4782,0.5,0.00159908,63
1614215654,50886.5,9.12806e-05,3564,0.002753,0.00190492,69
1614215657,50899.1,0.000246105,3170,0.003893,0.00175037,19
1614215658,50797.3,0.00199998,1335,0.049146,0.00212315,21
1614215669,50809.2,0.000235003,10628,0.000249,0.00176483,316
1614215673,50858.9,0.000978385,4015,0.042986,0.00148956,166
1614215726,50797.9,0.0011994,53026,0.000464,0.00165892,890
1614215782,50742.5,0.00109072,55884,0.296367,0.00155241,786
1614215812,50791.1,0.000956807,30188,0.0197,0.0010411,496
1614215820,50689.5,0.002,8373,0.084094,0.00202869,124
1614215859,50737.9,0.000955342,38628,0.127802,0.00104258,632
1614215867,50753.5,0.000307493,8325,0.000788,0.00168913,129
1614215868,50761.7,0.000160857,938,0.165302,0.00183546,21
1614215869,50779.7,0.000355676,894,0.000788,0.00164102,24
1614215871,50678.2,0.00199998,1847,0.043304,0.00206137,20
1614215905,50709.6,0.000621261,33786,0.000679,0.00137672,536
1614215918,50752.9,0.000853819,13467,0.000205,0.00114477,243
1614215936,50757.8,9.62844e-05,18018,0.002271,0.00189991,385
1614215939,50656.3,0.002,3202,0.04314,0.00200846,28
1614216003,50691.4,0.000692704,63654,0.031429,0.00130629,899
1614216031,50668.2,0.000457733,28274,0.04449,0.00134284,694
1614216101,50679.5,0.000223883,69388,0.090165,0.00177295,979
1614216101,50688,0.00016695,673,0.002316,0.00182936,21
1614216102,50702.5,0.000285139,657,0.034279,0.00171145,25
1614216104,50714.4,0.00023498,2515,0.000463,0.0017615,39
1614216112,50717.6,6.31601e-05,7950,0.022809,0.00193293,88
1614216113,50717.8,4.3131e-06,145,0.005016,0.00199165,3
1614216113,50719.6,3.55829e-05,82,0.002492,0.00196045,2
1614216114,50722.1,4.92906e-05,1019,0.000326,0.00194683,9
1614216114,50726.6,8.80256e-05,189,0.00398,0.00190815,5
1614216114,50728.4,3.71939e-05,151,0.002946,0.00195888,4
1614216115,50728.9,9.8564e-06,583,0.006927,0.00198614,6
1614216115,50731.1,4.24283e-05,895,0.01409,0.00195363,38
1614216116,50733.8,5.28214e-05,13,0.001822,0.0019433,4
1614216116,50735.3,2.91041e-05,14,0.071,0.00196692,5
1614216116,50747.2,0.00023606,708,0.002368,0.00176036,29
1614216116,50760,0.000251168,14,0.439999,0.00174532,9
1614216116,50658.5,0.00199999,53,0.062962,0.00201531,5
1614216155,50579.1,0.00156571,38819,0.001594,0.00179789,472
1614216266,50600,0.000412565,111015,0.02,0.00158701,1120
1614216314,50688.8,0.00175519,47774,0.008222,0.0018777,501
1614216326,50592,0.00191009,11674,0.000205,0.00206954,206
1614216349,50618.6,0.000525651,23120,0.005307,0.00147372,260
1614216452,50604.2,0.000284681,103596,0.074218,0.0014072,960
1614216468,50682.6,0.00154863,16151,0.000347,0.00182436,174
1614216554,50695.3,0.000252491,85125,0.037227,0.00174732,823
1614216559,50783.2,0.00173347,5257,0.000197,0.00186685,105
1614216617,50780.5,5.36902e-05,57873,0.000216,0.00129787,983
1614216665,50688.8,0.00180603,48574,0.030812,0.00190541,737
1614216701,50710.9,0.000435562,35774,0.649229,0.00156385,493
1614216719,50811.9,0.00199215,18437,0.001349,0.00199607,353
1614216728,50827.2,0.000300895,8692,0.157782,0.00169567,128
1614216730,50832.4,0.000102753,1997,0.00403,0.00189344,29
1614216734,50836.3,7.60772e-05,3490,0.002757,0.00192007,50
1614216742,50846.6,0.00020278,8431,0.004397,0.0017936,57
1614216743,50862,0.000303072,487,0.001203,0.00169351,9
1614216745,50871.7,0.000190543,2182,0.061767,0.00180582,29
1614216745,50769.9,0.00199998,359,0.111572,0.00202885,9
1614216776,50700.3,0.00137084,30939,0.000221,0.00169038,405
1614216799,50636.4,0.0012617,22473,0.000508,0.00168992,338
1614216813,50679.1,0.000843252,14703,0.039,0.0011553,292
1614216825,50707.1,0.000552111,11755,0.004365,0.00144498,173
1614216838,50714,0.000136507,13476,0.00028,0.00185972,170
1614216839,50721.2,0.000143267,306,0.128172,0.00185299,13
1614216840,50729.1,0.00015526,1263,0.001341,0.00184102,22
1614216841,50733.5,8.55494e-05,517,0.001928,0.00191058,12
1614216841,50632,0.00199996,545,0.00104,0.00203268,6
1614216871,50721.2,0.00176149,30313,0.012987,0.00191362,348
1614216925,50721.2,1.23223e-06,54061,0.02307,0.00199474,526
1614216926,50721.7,8.85662e-06,320,0.001962,0.00198712,10
1614216927,50723,2.51064e-05,1348,0.028069,0.00197093,10
1614216929,50724.9,3.91218e-05,2249,0.019933,0.00195694,18
1614216931,50623.5,0.00199999,1124,0.013334,0.00205982,6
1614216964,50627.7,8.3876e-05,33748,0.020435,0.00191225,636
1614216965,50635.7,0.000156704,557,0.098185,0.00183956,13
1614216966,50649,0.000262213,782,0.06285,0.00173428,28
1614216968,50663.6,0.000290063,2135,0.008723,0.00170652,43
1614216971,50681.1,0.000344182,3555,0.420513,0.00165252,63
1614216974,50698.7,0.000346761,2543,0.26,0.00164995,45
1614216978,50706.7,0.000159105,3936,0.084002,0.00183722,64
1614216978,50708.6,3.77477e-05,511,0.030475,0.00195834,5
1614216978,50709.1,9.86025e-06,94,0.000287,0.00198615,2
1614216979,50709.1,0,223,0.01218,0.00199599,2
1614216979,50716.5,0.000145437,372,0.066899,0.00185086,10
1614216981,50724,0.000146726,1839,0.000571,0.00184951,23
1614216981,50736.2,0.000240656,350,0.012535,0.00175583,6
1614216982,50634.7,0.00200001,429,0.000321,0.00201633,13
1614217023,50678.2,0.000859558,41315,0.002372,0.00113852,415
1614217038,50724,0.000904142,15282,0.024976,0.0010943,171
1614217064,50726.1,3.98141e-05,25738,0.008283,0.00195628,368
1614217065,50624.6,0.00199994,623,0.019734,0.00202104,8
1614217080,50636.9,0.000243598,15221,0.010248,0.00175626,200
1614217148,50701.8,0.00128025,68216,0.000857,0.00164043,579
1614217212,50626.2,0.00149118,63723,0.011004,0.001772,615
1614217242,50645.9,0.000389111,30135,0.058825,0.00161061,298
1614217313,50740.9,0.00187708,70854,0.022885,0.00193863,569
1614217426,50709.2,0.000625343,113105,0.075448,0.00135923,973
1614217473,50640.7,0.00135053,47678,0.000481,0.00171158,460
1614217501,50747.4,0.00210714,27782,0.0698,0.00205353,278
1614217667,50711,0.000717093,166072,0.011105,0.00144119,1526
1614217706,50718.8,0.000152442,38737,0.007202,0.00184386,423
1614217706,50723.3,8.96488e-05,235,0.020005,0.0019065,7
1614217707,50621.9,0.00199997,209,0.035924,0.00204841,4
1614217746,50564.4,0.00113487,39546,0.011866,0.0016633,565
1614217782,50564.9,8.80684e-06,36262,0.039993,0.0012756,528
1614217835,50571,0.000121672,52773,0.017824,0.00187831,755
1614217858,50628.3,0.00113261,23092,0.205381,0.00156664,209
1614217901,50571,0.00113087,42399,0.011708,0.00157366,518
1614217952,50514.1,0.00112535,51144,0.000695,0.0015746,606
1614217960,50535.5,0.00042253,8753,0.107959,0.00157444,468
1614217962,50567.1,0.000626648,1197,0.065961,0.00137056,39
1614217964,50587.1,0.000395205,2531,0.002642,0.0016016,40
1614217967,50589.7,5.14274e-05,3283,0.004954,0.00194467,61
1614217968,50488.5,0.002,66,0.004673,0.00204672,2
1614218029,50448.4,0.000794812,61382,0.000792,0.00140231,753
1614218039,50459.2,0.000213631,9639,0.0155,0.00178276,332
1614218039,50460.7,3.01915e-05,119,0.001979,0.00196585,16
1614218040,50467.3,0.000130052,884,0.019948,0.00186616,50
1614218040,50471.3,7.96463e-05,302,0.000594,0.00191646,7
1614218040,50471.3,0,48,0.002543,0.00199595,2
1614218040,50472.6,2.67788e-05,236,0.00025,0.00196925,2
1614218041,50476.3,7.18985e-05,419,0.1,0.00192423,9
1614218041,50481.5,0.000103622,150,0.025,0.0018926,15
1614218041,50483.8,4.48803e-05,39,0.04,0.00195121,7
1614218041,50488.4,9.1072e-05,255,0.206394,0.00190508,2
1614218042,50495.8,0.000146692,880,0.009,0.00184959,30
1614218043,50504.8,0.000179006,1114,0.060057,0.00181737,27
1614218044,50520,0.000301333,664,0.009784,0.00169523,17
1614218044,50530.4,0.000204514,282,0.396499,0.00179191,6
1614218044,50531.1,1.50745e-05,262,0.017325,0.00198094,8
1614218045,50430.1,0.00200001,692,0.000675,0.00200317,11
1614218055,50393.4,0.000726253,10557,0.003825,0.0014192,174
1614218081,50415.1,0.000429743,25722,0.03035,0.00156984,399
1614218119,50420.6,0.000108707,37336,0.002105,0.00105484,438
1614218137,50457.9,0.000739483,18624,0.018985,0.00125801,397
1614218147,50485.3,0.000542919,9651,0.026768,0.00145418,147
1614218151,50505.2,0.000395923,4641,0.000632,0.00160087,66
1614218158,50513,0.000153372,6502,0.060012,0.00184294,65
1614218161,50412,0.00199995,2908,0.005739,0.00206947,31
1614218207,50458.5,0.000922943,46509,0.029012,0.00107536,610
1614218274,50500.7,0.000837477,66177,0.058596,0.00116014,917
1614218278,50532.1,0.000619886,4330,0.037465,0.0013773,97
1614218297,50557.3,0.000500456,19368,0.060624,0.0014965,278
1614218307,50574.5,0.000339497,9364,0.06008,0.00165715,173
1614218315,50586.1,0.000230245,8175,0.009173,0.00176619,84
1614218320,50599.9,0.000270964,5702,0.000205,0.00172555,67
1614218325,50601.1,2.41632e-05,4249,0.009894,0.00197189,88
1614218326,50607.3,0.000123361,936,0.003584,0.00187288,12
1614218328,50506.1,0.002,2585,0.009199,0.00204006,19
1614218364,50505.8,5.41395e-06,35471,0.056688,0.00110004,528
1614218407,50475.4,0.000602421,43707,0.02,0.00130771,595
1614218427,50522.2,0.000927045,19152,0.000297,0.00107076,334
1614218435,50569.4,0.000933995,8230,0.000205,0.00106389,147
1614218443,50613.1,0.000865302,7901,0.004133,0.00113242,145
1614218464,50658.3,0.000891258,21070,0.000369,0.00110651,482
1614218476,50673.3,0.000297721,11888,0.057287,0.00169888,231
1614218479,50690.3,0.00033448,3641,0.037749,0.00166215,61
1614218481,50711.1,0.000409811,1853,0.060005,0.001587,26
1614218488,50720.6,0.000187952,6502,0.00494,0.00180842,152
1614218488,50720.6,5.39106e-07,556,0.005052,0.00199546,13
1614218489,50722.5,3.63511e-05,989,0.01616,0.00195972,8
1614218490,50621,0.00200001,435,0.034431,0.00209596,10
1614218563,50632.6,0.000229108,73277,0.001652,0.00177082,960
1614218567,50734,0.00200333,3933,0.062038,0.00200163,157
1614218575,50775.3,0.000813448,7913,0.0717,0.00118464,196
1614218594,50805.7,0.00059907,19374,0.037396,0.00139809,283
1614218604,50837.1,0.000618163,9714,0.029278,0.00137903,236
1614218609,50837.6,9.06694e-06,5480,0.059988,0.00198697,89
1614218610,50839.5,3.71127e-05,304,0.027658,0.00195898,3
1614218610,50846.8,0.000144603,706,3.6e-05,0.00185165,13
1614218610,50851.5,9.14204e-05,136,0.004489,0.00190477,3
1614218611,50851.5,2.3045e-07,124,0.060109,0.00199578,2
1614218611,50851.5,3.84084e-07,334,0.052589,0.00199562,12
1614218615,50860,0.000166692,4281,0.060049,0.00182962,56
1614218620,50866.1,0.000120352,4339,0.019964,0.00187586,93
1614218620,50866.1,0,672,0.001011,0.00199597,4
1614218620,50866.2,1.15192e-06,215,0.002423,0.00199482,3
1614218621,50764.4,0.00199996,62,0.039982,0.00202914,6
1614218659,50811.9,0.000935156,38444,0.0005,0.00106312,610
1614218675,50860.2,0.000950964,16416,0.002038,0.00104721,428
1614218681,50872.1,0.000232792,6070,0.009848,0.00176364,208
1614218683,50876.5,8.7075e-05,1140,0.060269,0.00190905,11
1614218683,50887.6,0.000217822,209,0.043004,0.00177859,10
1614218683,50890.4,5.58062e-05,563,0.060225,0.00194032,9
1614218685,50893.1,5.17349e-05,1540,0.060397,0.00194436,15
1614218685,50896.6,6.93089e-05,381,0.004395,0.00192683,3
1614218686,50794.8,0.002,444,0.014201,0.00210384,10
1614218807,50837.7,0.000844852,120935,0.060012,0.00115346,1288
1614218829,50851.5,0.000270622,22511,0.055703,0.00172593,314
1614218833,50851.5,0,3515,0.001,0.00199601,29
1614218834,50853.3,3.68721e-05,933,0.001181,0.00195921,4
1614218836,50854,1.3212e-05,1945,0.005231,0.0019828,13
1614218837,50854,0,1571,0.008888,0.00199599,11
1614218838,50752.3,0.00199998,420,0.324785,0.00204184,3
1614218871,50764.9,0.000247372,33601,0.044128,0.00174907,482
1614218872,50770.7,0.000114268,349,0.009871,0.00188192,3
1614218874,50776.8,0.00012041,2343,0.010609,0.00187578,20
1614218875,50788.4,0.000229713,856,0.123005,0.00176669,11
1614218878,50801,0.000246657,2849,0.000255,0.00174983,29
1614218879,50805.7,9.40404e-05,1073,0.002836,0.00190211,18
1614218879,50704.1,0.00199996,595,0.00186,0.00208138,8
1614218908,50674.1,0.000593363,28688,0.101,0.00132,352
1614218953,50731.8,0.00113933,45528,0.007775,0.00175987,626
1614219001,50766.7,0.000688363,47269,0.009527,0.00134462,439
1614219051,50806.3,0.000780685,50048,0.020582,0.00121689,540
1614219094,50810.2,7.65007e-05,43206,0.009987,0.00191967,470
1614219097,50708.6,0.00200001,2924,0.000951,0.00201193,29
1614219114,50753.2,0.000879412,17153,0.049312,0.00111829,294
1614219149,50759.5,0.000124299,35330,0.000658,0.00187196,225
1614219151,50658,0.00200001,1293,0.095984,0.00208074,15
1614219188,50667.1,0.000180284,37584,0.003091,0.00181965,446
1614219190,50734.1,0.00132105,1960,0.004,0.00166081,49
1614219285,50740.5,0.000126964,94755,0.02535,0.00187305,1020
1614219285,50809.8,0.00136664,416,0.000562,0.00168358,50
1614219300,50823.2,0.000262391,14650,0.00732,0.00173472,259
1614219303,50842.9,0.000387757,3113,0.017407,0.00160898,34
1614219307,50858.3,0.000304092,3830,0.241784,0.00169248,29
1614219308,50869,0.000209298,1454,0.006752,0.00178713,23
1614219309,50871.9,5.82839e-05,174,0.007084,0.00193781,2
1614219309,50876,7.99342e-05,80,0.005419,0.00191619,7
1614219309,50884.3,0.000162466,748,0.02032,0.00183381,12
1614219310,50886,3.3317e-05,543,0.007527,0.00196271,8
1614219310,50885.8,3.76147e-06,302,0.038134,0.00199972,9
1614219311,50784,0.00199996,315,0.009288,0.00216201,8
1614219345,50713.3,0.00139346,34673,0.017014,0.00174329,436
1614219389,50741.6,0.00055975,44223,0.000482,0.00143808,487
1614219432,50788.2,0.000917639,42432,0.002669,0.00108015,315
1614219454,50837.1,0.000962253,21891,0.042556,0.00103563,222
1614219480,50867.5,0.000598189,26624,0.006904,0.001399,292
1614219494,50893.3,0.000507216,13088,0.004477,0.00148978,205
1614219499,50901.6,0.000163409,5393,0.012807,0.00183288,107
1614219501,50904.4,5.4563e-05,2070,0.000226,0.00194155,22
1614219503,50907.9,6.92168e-05,1536,0.005696,0.00192687,26
1614219503,50908.1,3.06927e-06,899,0.000542,0.00199295,6
1614219504,50910.1,3.93632e-05,287,0.006,0.00195673,3
1614219505,50913.8,7.38128e-05,1248,0.002358,0.00192235,15
1614219505,50812,0.00200001,505,0.006755,0.00206108,8
1614219553,50748.1,0.00125655,47848,0.107272,0.00166199,517
1614219604,50749.7,3.00965e-05,51095,0.023429,0.00196597,660
1614219605,50755.1,0.000106374,863,0.000548,0.00188979,7
1614219606,50762.2,0.000140149,459,0.012075,0.00185611,3
1614219606,50768.1,0.000116274,268,0.025,0.00187994,7
1614219606,50772.8,9.33319e-05,258,0.043382,0.0019028,9
1614219607,50782.5,0.000190262,700,0.000225,0.00180607,9
1614219608,50784.7,4.46143e-05,729,0.000392,0.00195149,8
1614219609,50788.6,7.52256e-05,1200,0.177333,0.00192094,14
1614219610,50797.2,0.000169976,637,0.027713,0.00182635,12
1614219610,50806.7,0.000186864,0,0.382892,0.00180951,8
1614219610,50810.3,7.04263e-05,355,0.17745,0.00192573,30
1614219611,50818.6,0.000163061,655,0.095795,0.00183326,14
1614219612,50818.7,2.7672e-06,1273,0.002138,0.00199323,16
1614219612,50818.6,2.22913e-06,100,0.003284,0.00199822,3
1614219613,50820.1,2.94399e-05,650,0.043382,0.00196663,7
1614219616,50826.8,0.000133206,3832,0.00031,0.00186304,26
1614219618,50834.8,0.000156167,1457,0.000684,0.00184012,21
1614219622,50733.1,0.00199997,3736,0.000403,0.00201234,28
1614219749,50705.9,0.000535585,126946,0.002605,0.00136499,1031
1614219841,50604.5,0.00199997,92535,0.003226,0.00200359,907
1614219862,50642.7,0.000754009,20975,0.000302,0.00146703,242
1614219879,50684.6,0.00082826,17252,0.005985,0.00117035,254
1614219879,50724,0.000776169,210,0.177657,0.0012214,28
1614219880,50729.4,0.000106967,86,0.00172,0.00188921,17
1614219880,50729.4,0,24,0.047579,0.00199596,2
1614219880,50732.9,6.96095e-05,92,0.01614,0.00192651,2
1614219880,50735.9,5.88252e-05,181,0.009874,0.0019373,29
1614219880,50742.8,0.000134659,208,0.000473,0.00186158,6
1614219880,50749.8,0.000138644,80,0.009838,0.00185764,7
1614219880,50762.2,0.000243843,8,0.02,0.00175262,8
1614219880,50775.6,0.000264484,0,0.022051,0.00173204,16
1614219880,50674,0.00199999,58,0.000398,0.00247589,4
1614219888,50598.7,0.00148598,7387,0.001956,0.0017433,206
1614219936,50555.6,0.000853143,48137,0.002904,0.00142728,709
1614219995,50600,0.000878752,58830,0.059084,0.00111959,820
1614220052,50498.8,0.00199998,57826,0.0004,0.00201859,716
1614220072,50526.9,0.000556016,19861,0.001302,0.00144334,386
1614220123,50530.3,6.8265e-05,50849,0.014415,0.00115022,623
1614220135,50480.5,0.000985176,11623,0.012039,0.00155035,287
1614220170,50495.6,0.00029815,34885,0.000201,0.00149145,698
1614220234,50519.8,0.000480317,64485,0.006392,0.00151916,825
1614220266,50575,0.00109262,31892,0.0148,0.00154665,397
1614220328,50473.9,0.00199997,61951,0.004587,0.00204793,759
1614220375,50472.9,1.98896e-05,47146,0.021481,0.00201992,630
1614220376,50565.2,0.00182802,988,0.000993,0.00191408,17
1614220412,50516.5,0.000962789,35745,0.004219,0.0015465,456
1614220436,50538.8,0.000441456,24040,0.05756,0.00155812,243
1614220452,50567,0.000558204,16088,0.024387,0.00127957,301
1614220502,50595.7,0.000566931,49999,0.000538,0.00143235,461
1614220568,50624.6,0.000571319,66355,0.001766,0.00142722,754
1614220611,50652.5,0.000552088,42263,0.027939,0.00144592,532
1614220626,50695.5,0.000849307,15642,0.02493,0.00114837,198
1614220657,50594.1,0.00199999,30364,0.018017,0.00201001,432
1614220752,50608.7,0.000288602,95240,0.000495,0.00171123,1009
1614220768,50687,0.00154641,15958,0.002552,0.00177341,253
1614220885,50703,0.000315277,117317,0.000248,0.00168443,1446
1614220897,50775.4,0.00142897,12014,0.001035,0.00171472,268
1614220988,50723,0.00103304,90835,0.002255,0.00159903,1048
1614221023,50767.2,0.000871924,35534,0.042,0.00112629,320
1614221042,50783.8,0.000326706,18112,0.01972,0.00166992,167
1614221047,50794.2,0.000204759,4953,0.000591,0.0017916,28
1614221049,50801.4,0.000142271,2870,0.000641,0.00185399,19
1614221051,50808.4,0.000137945,1507,0.064447,0.00185834,19
1614221051,50816.6,0.000160299,279,0.009859,0.00183602,14
1614221056,50820.8,8.31729e-05,4686,0.101044,0.00191298,49
1614221056,50825.3,8.93151e-05,287,0.047516,0.00190682,4
1614221060,50830.5,0.000102142,4100,0.000394,0.00189405,19
1614221062,50839.6,0.000178826,1466,0.009903,0.00181754,17
1614221063,50849,0.000185172,1000,0.087,0.00181115,25
1614221064,50859,0.000196584,920,0.007292,0.00179983,13
1614221064,50866.1,0.000139632,312,0.002016,0.00185662,8
1614221064,50764.4,0.00199996,263,0.005084,0.00205948,9
1614221112,50734,0.000598275,48028,0.036087,0.0013543,699
1614221173,50638.4,0.00188444,60751,0.015802,0.00199909,873
1614221207,50675.6,0.000734373,34087,0.009148,0.00126448,478
1614221238,50678.1,4.97959e-05,30714,0.000963,0.00194628,392
1614221238,50576.8,0.00199998,188,0.05,0.00202026,11
1614221272,50619.3,0.000840924,34032,0.059991,0.00115766,528
1614221298,50638.3,0.000375042,26450,0.00023,0.00162171,314
1614221304,50650.1,0.000233349,5914,0.047263,0.00176312,77
1614221305,50659.3,0.000180929,704,0.000394,0.00181538,14
1614221306,50663.2,7.74938e-05,595,0.003475,0.00191861,3
1614221306,50664.9,3.26914e-05,264,0.02346,0.00196333,5
1614221308,50671.1,0.000122434,2061,0.000978,0.00187376,26
1614221309,50682.1,0.000218089,532,0.000363,0.00177832,16
1614221315,50688.3,0.000122007,6780,0.060234,0.0018742,79
1614221320,50692.4,8.19963e-05,4851,0.054067,0.00191412,38
1614221321,50698.2,0.000112504,624,0.001507,0.00188368,10
1614221325,50707.4,0.000181836,4317,0.003769,0.00181451,44
1614221325,50709.5,4.24464e-05,321,0.06158,0.00195361,4
1614221325,50608.1,0.00199998,1,0.002,0.00200853,1
1614221368,50638.8,0.000606298,42439,0.001978,0.00142463,474
1614221394,50681.4,0.000842363,26308,0.043138,0.00115586,308
1614221418,50689.7,0.000163398,23832,0.06039,0.00183291,252
1614221418,50689.7,0,223,0.003073,0.00199598,3
1614221419,50689.7,0,372,0.000401,0.00199598,2
1614221419,50689.7,0,233,0.000401,0.00199598,3
1614221419,50588.3,0.00199999,624,0.030759,0.00200662,6
1614221442,50633.7,0.00089656,22733,0.002328,0.00110118,324
1614221457,50667.8,0.000672647,14543,0.094495,0.0013247,153
1614221482,50697.2,0.000580605,25175,0.00147,0.00141655,201
1614221493,50703.9,0.000132604,10914,0.000687,0.00186362,123
1614221495,50703.9,2.31121e-07,2233,0.000489,0.00199573,23
1614221495,50709.8,0.000115946,185,0.000416,0.00188025,5
1614221496,50710.9,2.24162e-05,945,0.032687,0.00197362,12
1614221499,50713.2,4.54475e-05,3251,0.000644,0.00195062,33
1614221500,50718.2,9.78233e-05,56,0.000401,0.00189839,2
1614221501,50726.2,0.000158196,998,0.000766,0.00183813,11
1614221501,50731.8,0.000109426,821,0.000416,0.00188674,12
1614221522,50742.1,0.000203814,20913,0.012458,0.00179259,132
1614221530,50748.8,0.000131717,7619,0.00265,0.00186451,71
1614221530,50756.3,0.000147864,49,0.048172,0.00184841,7
1614221532,50765.7,0.000184398,2154,0.002651,0.00181197,31
1614221533,50664.1,0.002,1157,0.00029,0.00200346,24
1614221577,50702,0.000746722,44151,0.01292,0.0012522,400
1614221642,50749.3,0.000932995,64497,0.001846,0.00106505,632
1614221648,50754.8,0.000108607,5651,0.016533,0.00188757,101
1614221648,50761.4,0.000129991,492,0.02191,0.00186628,5
1614221649,50761.3,2.38555e-06,679,0.006207,0.0019984,6
1614221649,50761.3,0,479,0.022359,0.00199602,2
1614221649,50762.1,1.63911e-05,278,0.004252,0.00197963,7
1614221650,50766.6,8.81871e-05,363,0.000416,0.00190795,11
1614221650,50767.4,1.73896e-05,101,0.000401,0.00197865,2
1614221651,50770.1,5.18603e-05,765,0.015595,0.00194422,5
1614221652,50774.5,8.74808e-05,1129,0.000382,0.00190865,15
1614221652,50777.6,6.03926e-05,99,0.000401,0.00193572,3
1614221652,50676,0.00199999,206,0.017247,0.00202022,1
1614221714,50662.1,0.000274184,61525,0.007,0.00113805,580
1614221822,50576.3,0.00169482,108834,0.000334,0.00195551,1065
1614221912,50589.6,0.000263834,89513,0.25,0.00173601,1017
1614221936,50645.5,0.00110409,24492,0.066681,0.0015524,182
1614221968,50688.5,0.000848885,31898,0.000249,0.00114961,303
