last_price,wallet,upnl,position_contracts,position_leverage,order_contracts,order_leverage,order_idle,order_limit,order_market,reward
10114.5,1,0,0,0,46631,4.61031,-1,0,1,0
10114.5,1,0,0,0,18449.4,1.82405,-1,0,1,0
10114.5,1,0,0,0,0,3.68523,-0.950567,1,0,0
10115,1,0,0,0,34311.5,3.39214,-1.04943,0,1,0
10114.5,1,0,0,0,54778.5,5.41584,-0.950567,0,1,0
10115,1,0,0,0,21210.1,2.0969,-1.04943,0,1,0
10114.5,1,0,0,0,41315.5,4.08478,-1,0,1,0
10114.5,1,0,0,0,0,3.04494,-0.950567,1,0,0
10115,1,0,0,0,0,1.44816,-1,1,0,0
10115,1,0,0,0,0,1.9908,-1.04943,1,0,0
10114.5,1,0,0,0,13132.3,1.29837,-0.950567,0,1,0
10115,1,0,0,0,39236.5,3.87905,-1.04943,0,1,0
10114.5,1,0,0,0,0,3.95331,-1,1,0,0
10114.5,1,0,0,0,12962.7,1.28159,-1,0,1,0
10114.5,1,0,0,0,0,4.14786,-0.950567,1,0,0
10115,1,0,0,0,0,2.5673,-1,1,0,0
10115,1,0,0,0,22404.6,2.21499,-1.04943,0,1,0
10114.5,1,0,0,0,25839.3,2.55468,-0.950567,0,1,0
10115,1,0,0,0,-6481.35,-0.640766,-1,0,1,0
10115,1,0,0,0,58964.7,5.82943,-1,0,1,0
10115,1,0,0,0,0,4.25253,-1.04943,1,0,0
10114.5,1,0,0,0,31300.9,3.09465,-1,0,1,0
10114.5,1,0,0,0,10844.9,1.07221,-0.950567,0,1,0
10115,1,0,0,0,32318.5,3.1951,-1,0,1,0
10115,1,0,0,0,0,4.12794,-1.04943,1,0,0
10114.5,1,0,0,0,0,1.45124,-0.950567,1,0,0
10115,1,0,0,0,0,1.20602,-1.04943,1,0,0
10114.5,1,0,0,0,0,-0.0768888,-0.950567,1,0,0
10115,1,0,0,0,0,1.5685,-1.04943,1,0,0
10114.5,1,0,0,0,0,3.55164,-0.950567,1,0,0
10115,1,0,0,0,10115.7,1.00007,-1,0,1,0
10115,1,0,0,0,0,2.34101,-0.604626,1,0,0
10119,1,0,0,0,0,-0.208857,-0.950589,1,0,0
10119.5,1,0,0,0,0,-0.249274,-1.04941,1,0,0
10119,1,0,0,0,0,2.63258,-0.901181,1,0,0
10120,1,0,0,0,0,2.19396,-1,1,0,0
10120,1,0,0,0,0,1.11599,-1,1,0,0
10120,1,0,0,0,0,0.576513,-1.04941,1,0,0
10119.5,1,0,0,0,0,3.12345,-0.950592,1,0,0
10120,1,0,0,0,0,4.19219,-1,1,0,0
10120,1,0,0,0,0,4.61845,-1.04941,1,0,0
10119.5,1,0,0,0,0,2.81234,-0.950592,1,0,0
10120,1,0,0,0,0,1.6897,-1.04941,1,0,0
10119.5,1,0,0,0,0,4.19061,-0.950592,1,0,0
10120,1,0,0,0,0,3.11149,-1,1,0,0
10120,1,0,0,0,0,1.84888,-1,1,0,0
10120,1,0,0,0,0,-0.821659,-1.04941,1,0,0
10119.5,1,0,0,0,-3574.62,-0.353241,-1,0,1,0
10119.5,1,0,0,0,0,-0.445559,-0.950592,1,0,0
10120,1,0,0,0,8424.24,0.832435,-1.04941,0,1,0
10119.5,1,0,0,0,-8202.45,-0.810559,-0.950592,0,1,0
10120,1,0,0,0,0,1.60732,-1.04941,1,0,0
10119.5,1,0,0,0,0,0.945524,-1,1,0,0
10119.5,1,0,0,0,0,1.99849,-1,1,0,0
10119.5,1,0,0,0,0,-2.86202,-0.950592,1,0,0
10120,1,0,0,0,0,-2.82987,-1,1,0,0
10120,1,0,0,0,-13556.7,-1.33959,-1.04941,0,1,0
10119.5,1,0,0,0,0,-0.459118,-0.950592,1,0,0
10120,1,0,0,0,0,1.1495,-1.04941,1,0,0
10119.5,1,0,0,0,-24552.1,-2.42621,-1,0,1,0
10119.5,1,0,0,0,0,-0.935505,-0.950592,1,0,0
10120,1,0,0,0,3220.45,0.318226,-1.04941,0,1,0
10119.5,1,0,0,0,0,-0.757844,-1,1,0,0
10119.5,1,0,0,0,0,-7.49304,-1,1,0,0
10119.5,1,0,0,0,0,-7.50678,-1,1,0,0
10119.5,1,0,0,0,-50249.4,-4.9656,-1.39535,0,1,0
10115.5,1,0,0,0,0,-5.89231,-0.950572,1,0,0
10116,1,0,0,0,0,-8.20995,-1.04943,1,0,0
10115.5,1,0,0,0,0,-3.53637,-1,1,0,0
10115.5,1,0,0,0,0,-9.53659,-1,1,0,0
10115.5,1,0,0,0,-70155.3,-6.93543,-1,0,1,0
10115.5,1,0,0,0,-72365.6,-7.15393,-1,0,1,0
10115.5,1,0,0,0,0,-8.83962,-1,1,0,0
10115.5,1,0,0,0,0,-9.15481,-1,1,0,0
10115.5,1,0,0,0,0,-6.52854,-1,1,0,0
10115.5,1,0,0,0,0,-6.89063,-1.04943,1,0,0
10115,1,0,0,0,-52255,-5.16609,-1.04943,0,1,0
10114.5,1,0,0,0,0,-9.39013,-1,1,0,0
10114.5,1,0,0,0,0,-8.15262,-1.2472,1,0,0
10112,1,0,0,0,0,-8.6297,-1,1,0,0
10112,1,0,0,0,0,-1.49437,-1,1,0,0
10112,1,0,0,0,-66635.5,-6.58975,-0.950555,0,1,0
10112.5,1,0,0,0,0,1.95783,-1.34617,1,0,0
10109,1,0,0,0,0,0.575601,-1.04946,1,0,0
10108.5,1,0,0,0,46887.1,4.63838,-1,0,1,0
10108.5,1,0,0,0,0,5.05768,-1.04946,1,0,0
10108,1,0,0,0,0,2.69672,-1.04947,1,0,0
10107.5,1,0,0,0,46590.4,4.60949,-0.950533,0,1,0
10108,1,0,0,0,39942.7,3.9516,-1,0,1,0
10108,1,0,0,0,54680.5,5.40962,-1,0,1,0
10108,1,0,0,0,33165.5,3.28111,-1,0,1,0
10108,1,0,0,0,56888.6,5.62807,-1,0,1,0
10108,1,0,0,0,53233.3,5.26645,-1,0,1,0
10108,1,0,0,0,50515.8,4.9976,-1.04947,0,1,0
10107.5,1,0,0,0,0,4.40069,-0.950533,1,0,0
10108,1,0,0,0,48304.7,4.77886,-1,0,1,0
10108,1,0,0,0,18963.6,1.87609,-1,0,1,0
10108,1,0,0,0,0,1.57839,-1,1,0,0
10108,1,0,0,0,42083.6,4.1634,-1,0,1,0
10108,1,0,0,0,29260.6,2.8948,-1,0,1,0
10108,1,0,0,0,0,5.1023,-1.04947,1,0,0
10107.5,1,0,0,0,0,3.17682,-0.950533,1,0,0
10108,1,0,0,0,21053.4,2.08285,-1,0,1,0
10108,1,0,0,0,9052.84,0.895612,-1,0,1,0
10108,1,0,0,0,45236.8,4.47535,-1.04947,0,1,0
10107.5,1,0,0,0,0,2.337,-1,1,0,0
10107.5,1,0,0,0,0,3.82655,-0.950533,1,0,0
10108,1,0,0,0,48479.4,4.79615,-1,0,1,0
10108,1,0,0,0,46397.2,4.59014,-1,0,1,0
10108,1,0,0,0,24301.7,2.40421,-1.04947,0,1,0
10107.5,1,0,0,0,0,-0.00709712,-1,1,0,0
10107.5,1,0,0,0,12186.6,1.2057,-1,0,1,0
10107.5,1,0,0,0,41910.1,4.14644,-0.950533,0,1,0
10108,1,0,0,0,16417,1.62416,-1,0,1,0
10108,1,0,0,0,0,2.35892,-1,1,0,0
10108,1,0,0,0,11770.4,1.16446,-1.04947,0,1,0
10107.5,1,0,0,0,512.731,0.0507277,-0.950533,0,1,0
10108,1,0,0,0,0,2.33157,-1,1,0,0
10108,1,0,0,0,0,2.36492,-1,1,0,0
10108,1,0,0,0,-12824,-1.26869,-1,0,1,0
10108,1,0,0,0,-15561.5,-1.53952,-1,0,1,0
10108,1,0,0,0,0,-0.570424,-1.04947,1,0,0
10107.5,1,0,0,0,0,-0.328767,-0.950533,1,0,0
10108,1,0,0,0,-6075.86,-0.601094,-1,0,1,0
10108,1,0,0,0,1043.28,0.103214,-1.04947,0,1,0
10107.5,1,0,0,0,0,0.225335,-0.950533,1,0,0
10108,1,0,0,0,0,-0.888555,-1,1,0,0
10108,1,0,0,0,0,0.464593,-1.04947,1,0,0
10107.5,1,0,0,0,0,0.737358,-1,1,0,0
10107.5,1,0,0,0,0,-1.7238,-1,1,0,0
10107.5,1,0,0,0,-936.256,-0.0926298,-1,0,1,0
10107.5,1,0,0,0,0,-1.06355,-0.950533,1,0,0
10108,1,0,0,0,8624.34,0.853219,-1,0,1,0
10108,1,0,0,0,0,1.98662,-1,1,0,0
10108,1,0,0,0,0,3.57162,-1,1,0,0
10108,1,0,0,0,0,1.69779,-1,1,0,0
10108,1,0,0,0,0,0.107827,-1,1,0,0
10108,1,0,0,0,0,2.58173,-1,1,0,0
10108,1,0,0,0,0,2.54825,-1.04947,1,0,0
10107.5,1,0,0,0,26744.5,2.646,-0.950533,0,1,0
10108,1,0,0,0,0,1.15583,-1,1,0,0
10108,1,0,0,0,0,0.300661,-1.04947,1,0,0
10107.5,1,0,0,0,0,-0.402753,-0.950533,1,0,0
10108,1,0,0,0,0,-1.42549,-1.04947,1,0,0
10107.5,1,0,0,0,6923.65,0.685001,-1,0,1,0
10107.5,1,0,0,0,0,-1.91067,-1,1,0,0
10107.5,1,0,0,0,0,-1.64502,-1,1,0,0
10107.5,1,0,0,0,0,-3.81786,-1,1,0,0
10107.5,1,0,0,0,0,-6.58464,-2.13842,1,0,0
10096,1,0,0,0,0,-5.06534,-1.04953,1,0,0
10095.5,1,0,0,0,11768.2,1.16569,-0.85143,0,1,0
10097,1,0,0,0,25837.6,2.55894,-0.950482,0,1,0
10097.5,1,0,0,0,61983,6.13845,-1,0,1,0
10097.5,1,0,0,0,52588.2,5.20804,-1.04952,0,1,0
10097,1,0,0,0,48744.8,4.82765,-0.950482,0,1,0
10097.5,1,0,0,0,23715,2.3486,-1.04952,0,1,0
10097,1,0,0,0,0,3.80558,-1.54486,1,0,0
10091.5,1,0,0,0,35834.4,3.55095,-1.04955,0,1,0
10091,1,0,0,0,0,0.874046,-1.04955,1,0,0
10090.5,1.00101,0,40760,4.03537,40760,4.03944,-0.989222,0,1,0
10088.5,1.00101,-0.000800802,40760,4.03617,0,5.99737,-2.24964,1,0,0
10086,1.00101,-0.00180225,40760,4.03717,0,5.03957,1.99652,1,0,0
10092,1.00101,0.000600393,40760,4.03477,0,4.74627,-0.252269,1,0,0
10093.5,1.00101,0.00120061,40760,4.03417,24024.9,6.412,-1,0,1,0
10093.5,1.00101,0.00120061,40760,4.03417,0,4.98436,-1.2493,1,0,0
10093,1.00101,0.00100056,40760,4.03437,20219.6,6.03568,-1,0,1,0
10093,1.00101,0.00100056,40760,4.03437,20538.2,6.06721,-1,0,1,0
10093,1.00101,0.00100056,40760,4.03437,0,5.94242,-0.7507,1,0,0
10093.5,1.00101,0.00120061,40760,4.03417,27563.3,6.76221,0.742437,0,1,0
10097,1.00101,0.00260042,40760,4.03277,0,5.82155,-1,1,0,0
10097,1.00101,0.00260042,40760,4.03277,0,5.83704,-1,1,0,0
10097,1.00101,0.00260042,40760,4.03277,0,7.88757,-1,1,0,0
10097,1.00101,0.00260042,40760,4.03277,0,4.94029,0.491072,1,0,0
10100,1.00101,0.00379948,40760,4.03157,0,5.46313,-1,1,0,0
10100,1.00101,0.00379948,40760,4.03157,0,6.47972,-1,1,0,0
10100,1.00101,0.00379948,40760,4.03157,306.086,4.06185,-1,0,1,0
10100,1.00101,0.00379948,40760,4.03157,-12419.9,2.80313,-1,0,1,0
10100,1.00101,0.00379948,40760,4.03157,-18698,2.18215,-1,0,1,0
10100,1.00101,0.00379948,40760,4.03157,-8413.44,3.1994,-1,0,1,0
10100,1.00101,0.00379948,40760,4.03157,0,3.67782,-1,1,0,0
10100,1.00101,0.00379948,40760,4.03157,0,2.9634,-1.24846,1,0,0
10099.5,1.00101,0.00359968,40760,4.03177,-26157,1.44445,-0.751544,0,1,0
10100,1.00101,0.00379948,40760,4.03157,0,2.64522,-1,1,0,0
10100,1.00101,0.00379948,40760,4.03157,-7100.49,3.32926,-1.24846,0,1,0
10099.5,1.00101,0.00359968,40760,4.03177,-2963.03,3.73869,-0.751544,0,1,0
10100,1.00101,0.00379948,40760,4.03157,0,3.85883,-1.24846,1,0,0
10099.5,1.00101,0.00359968,40760,4.03177,0,2.65492,-0.751544,1,0,0
10100,1.00142,0.00347783,37309.5,3.68878,-3450.56,3.69028,0.935139,0,1,0
10104,1.00142,0.00494022,37309.5,3.68732,11505.7,4.82444,-1,0,1,0
10104,1.00142,0.00494022,37309.5,3.68732,-13700.7,2.33327,-1.23104,0,1,0
10103.5,1.00142,0.00475749,37309.5,3.6875,0,3.01336,-0.768957,1,0,0
10104,1.00142,0.00494022,37309.5,3.68732,-3617.26,3.32982,-1,0,1,0
10104,1.00142,0.00494022,37309.5,3.68732,0,2.73077,-0.0761823,1,0,0
10106,1.00142,0.00567099,37309.5,3.68659,0,3.72534,0.845132,1,0,0
10110,1.00142,0.00713164,37309.5,3.68513,0,4.67032,0.381361,1,0,0
10113,1.00142,0.00822638,37309.5,3.68404,0,2.34603,-1,1,0,0
10113,1.00142,0.00822638,37309.5,3.68404,21319.3,5.78917,-1.23014,0,1,0
10112.5,1.00142,0.00804397,37309.5,3.68422,13160.7,4.98381,-1,0,1,0
10112.5,1.00142,0.00804397,37309.5,3.68422,0,5.12821,-1,1,0,0
10112.5,1.00142,0.00804397,37309.5,3.68422,0,4.54161,-1,1,0,0
10112.5,1.00142,0.00804397,37309.5,3.68422,0,4.03311,-0.769861,1,0,0
10113,1.00142,0.00822638,37309.5,3.68404,0,2.65925,-1.23014,1,0,0
10112.5,1.00142,0.00804397,37309.5,3.68422,0,4.57254,-1,1,0,0
10112.5,1.00142,0.00804397,37309.5,3.68422,0,4.12594,-1,1,0,0
10112.5,1.00142,0.00804397,37309.5,3.68422,0,4.8066,-1,1,0,0
10112.5,1.00142,0.00804397,37309.5,3.68422,0,4.86308,-0.769861,1,0,0
10113,1.00142,0.00822638,37309.5,3.68404,0,4.31295,-1,1,0,0
10113,1.00142,0.00822638,37309.5,3.68404,0,3.39329,-1.23014,1,0,0
10112.5,1.00142,0.00804397,37309.5,3.68422,0,3.10668,-0.769861,1,0,0
10113,1.00142,0.00822638,37309.5,3.68404,0,3.31394,-1.23014,1,0,0
10112.5,1.00142,0.00804397,37309.5,3.68422,0,3.64194,-1,1,0,0
10112.5,1.00142,0.00804397,37309.5,3.68422,0,4.90373,-0.769861,1,0,0
10113,1.00142,0.00822638,37309.5,3.68404,0,3.68776,-1.23014,1,0,0
10112.5,1.00142,0.00804397,37309.5,3.68422,0,3.73923,-0.769861,1,0,0
10113,1.00142,0.00822638,37309.5,3.68404,0,4.07349,-1,1,0,0
10113,1.00142,0.00822638,37309.5,3.68404,0,3.73531,-1.23014,1,0,0
10112.5,1.00142,0.00804397,37309.5,3.68422,0,3.92959,-1,1,0,0
10112.5,1.00142,0.00804397,37309.5,3.68422,0,1.64137,-1,1,0,0
10112.5,1.00142,0.00804397,37309.5,3.68422,0,3.92193,-0.769861,1,0,0
10113,1.00142,0.00822638,37309.5,3.68404,0,4.71804,-1.23014,1,0,0
10112.5,1.00142,0.00804397,37309.5,3.68422,0,4.52597,-1,1,0,0
10112.5,1.00142,0.00804397,37309.5,3.68422,0,4.44999,-1,1,0,0
10112.5,1.00142,0.00804397,37309.5,3.68422,0,4.58778,-1,1,0,0
10112.5,1.00142,0.00804397,37309.5,3.68422,0,3.09533,-1,1,0,0
10112.5,1.00142,0.00804397,37309.5,3.68422,0,2.88885,-1,1,0,0
10112.5,1.00142,0.00804397,37309.5,3.68422,0,3.24481,-2.15122,1,0,0
10110,1.00142,0.00713164,37309.5,3.68513,0,1.55713,-1,1,0,0
10110,1.00142,0.00713164,37309.5,3.68513,0,2.5787,-1,1,0,0
10110,1.00142,0.00713164,37309.5,3.68513,-16676.1,2.038,-1.69169,0,1,0
10108.5,1.00142,0.00658403,37309.5,3.68568,0,4.09344,-0.76931,1,0,0
10109,1.00142,0.00676659,37309.5,3.68549,0,4.6755,-1.23069,1,0,0
10108.5,1.00142,0.00658403,37309.5,3.68568,0,3.39206,-1.69201,1,0,0
10107,1.00142,0.00603626,37309.5,3.68622,0,6.60212,-1.92327,1,0,0
10105,1.00142,0.00530564,37309.5,3.68695,0,5.55382,-1.46198,1,0,0
10104,1.00142,0.00494022,37309.5,3.68732,0,3.97196,-3.08174,1,0,0
10099.5,1.00142,0.00329495,37309.5,3.68896,0,4.24761,-1.23163,1,0,0
10099,1.00142,0.00311205,37309.5,3.68914,0,3.77218,-1,1,0,0
10099,1.00142,0.00311205,37309.5,3.68914,2427.64,3.92919,-1,0,1,0
10099,1.00142,0.00311205,37309.5,3.68914,0,5.0243,-1,1,0,0
10099,1.00142,0.00311205,37309.5,3.68914,0,1.85617,-1,1,0,0
10099,1.00142,0.00311205,37309.5,3.68914,-4219.64,3.27191,-1.2314,0,1,0
10098.5,1.00142,0.00292913,37309.5,3.68933,-24334.3,1.28305,-1,0,1,0
10098.5,1.00142,0.00292913,37309.5,3.68933,-43030.1,-0.565685,-0.768602,0,1,0
10099,1.00142,0.00311205,37309.5,3.68914,0,-1.86419,-1,1,0,0
10099,1.00142,0.00311205,37309.5,3.68914,-32689.6,0.456805,-1.2314,0,1,0
10098.5,1.00142,0.00292913,37309.5,3.68933,0,5.11276,-1,1,0,0
10098.5,1.00163,0.00292869,46104.8,4.55805,8795.3,4.55905,-1.60763,0,1,0
10097,1.00163,0.00225044,46104.8,4.55873,0,3.75768,-1.27477,1,0,0
10096.5,1.00163,0.00202432,46104.8,4.55896,0,2.79726,-1.82496,1,0,0
10095,1.00163,0.0013458,46104.8,4.55963,0,1.1101,-2.10092,1,0,0
10093,1.00163,0.000440801,46104.8,4.56054,0,-1.15093,-1,1,0,0
10093,1.00163,0.000440801,46104.8,4.56054,-54553.4,-0.83571,-0.724523,0,1,0
10093.5,1.00163,0.000667085,46104.8,4.56031,-19537.5,2.62782,-1,0,1,0
10093.5,1.00163,0.000667085,46104.8,4.56031,-38279,0.77406,-1.27548,0,1,0
10093,1.00163,0.000440801,46104.8,4.56054,0,2.6057,-0.724523,1,0,0
10093.5,1.00163,0.000667085,46104.8,4.56031,0,5.19849,-1.27548,1,0,0
10093,1.00163,0.000440801,46104.8,4.56054,0,2.70033,-1,1,0,0
10093,1.00163,0.000440801,46104.8,4.56054,-26523.8,1.93688,-3.75738,0,1,0
10088,1.00163,-0.00182327,46104.8,4.5628,0,1.78098,-1,1,0,0
10088,1.00163,-0.00182327,46104.8,4.5628,-4742.05,4.0935,-1,0,1,0
10088,1.00163,-0.00182327,46104.8,4.5628,-14350.3,3.14261,-1,0,1,0
10088,1.00163,-0.00182327,46104.8,4.5628,-20171.9,2.56647,-1,0,1,0
10088,1.00163,-0.00182327,46104.8,4.5628,0,3.03988,-1,1,0,0
10088,1.00163,-0.00182327,46104.8,4.5628,0,1.57404,2.58331,1,0,0
10094.5,1.00231,0.000783384,32259.9,3.18841,-13844.9,3.19057,0.999166,0,1,0
10098.5,1.00231,0.00204923,32259.9,3.18715,3136.12,3.49698,-0.79322,0,1,0
10099,1.00231,0.00220739,32259.9,3.18699,8260.28,4.00303,-1,0,1,0
10099,1.00231,0.00220739,32259.9,3.18699,0,1.39883,-1.20678,1,0,0
10098.5,1.00231,0.00204923,32259.9,3.18715,0,3.30737,-0.79322,1,0,0
10099,1.00231,0.00220739,32259.9,3.18699,-4573.66,2.73515,-1,0,1,0
10099,1.00231,0.00220739,32259.9,3.18699,0,2.6865,-1,1,0,0
10099,1.00231,0.00220739,32259.9,3.18699,0,2.26815,-1.20678,1,0,0
10098.5,1.00231,0.00204923,32259.9,3.18715,0,3.83126,-0.79322,1,0,0
10099,1.00231,0.00220739,32259.9,3.18699,0,4.90085,-1.41382,1,0,0
10098,1.00231,0.00189105,32259.9,3.18731,0,1.75494,-1.20707,1,0,0
10097.5,1.00231,0.00173286,32259.9,3.18746,0,1.45689,-1.82878,1,0,0
10095.5,1.00263,0.00109983,45053,4.45098,12793.2,4.45238,-1.22385,0,1,0
10094.5,1.00263,0.000657741,45053,4.45142,-17280.5,2.74404,-1,0,1,0
10094.5,1.00263,0.000657741,45053,4.45142,0,4.88227,-1.53992,1,0,0
10093.5,1.00263,0.000215563,45053,4.45186,-13950.3,3.07338,-1.2702,0,1,0
10093,1.00263,-5.55935e-06,45053,4.45208,0,3.84796,-1,1,0,0
10093,1.00263,-5.55935e-06,45053,4.45208,-4436.93,4.01363,-1,0,1,0
10093,1.00263,-5.55935e-06,45053,4.45208,-30814.6,1.40703,-1,0,1,0
10093,1.00263,-5.55935e-06,45053,4.45208,0,2.54249,-2.62196,1,0,0
10090,1.00263,-0.00133275,45053,4.4534,0,4.05426,-2.08255,1,0,0
10088,1.00263,-0.00221799,45053,4.45429,5311.91,4.97946,-1.27077,0,1,0
10087.5,1.00263,-0.00243935,45053,4.45451,0,1.69713,-1.27115,1,0,0
10087,1.00263,-0.00266073,45053,4.45473,0,3.4805,-2.08444,1,0,0
10085,1.00263,-0.00354649,45053,4.45561,-43436.6,0.159859,-1,0,1,0
10085,1.00263,-0.00354649,45053,4.45561,-13120.4,3.15804,-1,0,1,0
10085,1.00263,-0.00354649,45053,4.45561,0,2.34516,-0.728649,1,0,0
10085.5,1.00263,-0.00332502,45053,4.45539,-19271.1,2.54963,-1,0,1,0
10085.5,1.00263,-0.00332502,45053,4.45539,0,3.60651,0.355,1,0,0
10088,1.00263,-0.00221799,45053,4.45429,0,2.57257,0.35306,1,0,0
10090.5,1.00263,-0.0011115,45053,4.45318,0,5.99035,-1,1,0,0
10090.5,1.00263,-0.0011115,45053,4.45318,0,3.0117,-1,1,0,0
10090.5,1.00263,-0.0011115,45053,4.45318,-7258.28,3.73575,-1.27051,0,1,0
10090,1.00263,-0.00133275,45053,4.4534,0,3.98689,-1,1,0,0
10090,1.00263,-0.00133275,45053,4.4534,-6913.67,3.77,-1,0,1,0
10090,1.00263,-0.00133275,45053,4.4534,0,4.66609,-1,1,0,0
10090,1.00263,-0.00133275,45053,4.4534,0,6.37254,-1,1,0,0
10090,1.00263,-0.00133275,45053,4.4534,0,5.36941,-1,1,0,0
10090,1.00263,-0.00133275,45053,4.4534,-7151.16,3.74653,-1,0,1,0
10090,1.00263,-0.00133275,45053,4.4534,0,4.35606,-1,1,0,0
10090,1.00263,-0.00133275,45053,4.4534,0,4.34911,-1,1,0,0
10090,1.00263,-0.00133275,45053,4.4534,0,6.76485,-2.89533,1,0,0
10086.5,1.00263,-0.00288214,45053,4.45495,0,5.34021,-1.81357,1,0,0
10085,1.00263,-0.00354649,45053,4.45561,0,4.83239,-1,1,0,0
10085,1.00282,-0.00354691,52838.1,5.22453,7785.08,5.22553,-3.28637,0,1,0
10081,1.00282,-0.00562578,52838.1,5.2266,0,5.9595,-1,1,0,0
10081,1.00282,-0.00562578,52838.1,5.2266,0,4.36012,-1,1,0,0
10081,1.00282,-0.00562578,52838.1,5.2266,0,4.25874,-1,1,0,0
10081,1.00282,-0.00562578,52838.1,5.2266,0,4.74956,-1,1,0,0
10081,1.00282,-0.00562578,52838.1,5.2266,0,4.33328,-2.86372,1,0,0
10078,1.00282,-0.00718602,52838.1,5.22816,0,3.92574,-2.24428,1,0,0
10076,1.00282,-0.00822669,52838.1,5.22919,0,4.73443,-1,1,0,0
10076,1.00282,-0.00822669,52838.1,5.22919,0,2.5237,-1.62237,1,0,0
10075,1.00282,-0.00874719,52838.1,5.22971,0,4.7359,-2.87075,1,0,0
10072,1.00282,-0.0103093,52838.1,5.23127,0,4.07793,-0.687771,1,0,0
10072.5,1.00282,-0.0100489,52838.1,5.23101,0,4.38645,-1.31223,1,0,0
10072,1.00282,-0.0103093,52838.1,5.23127,0,4.0736,-1,1,0,0
10072,1.00282,-0.0103093,52838.1,5.23127,0,2.18642,-1,1,0,0
10072,1.00282,-0.0103093,52838.1,5.23127,0,1.00551,-1,1,0,0
10072,1.00282,-0.0103093,52838.1,5.23127,0,1.33341,-1,1,0,0
10072,1.00282,-0.0103093,52838.1,5.23127,0,2.21813,-1,1,0,0
10072,1.00282,-0.0103093,52838.1,5.23127,0,1.63014,-1,1,0,0
10072,1.00282,-0.0103093,52838.1,5.23127,0,0.920091,-6.00501,1,0,0
10064,1.00282,-0.0144794,52838.1,5.23543,0,2.24712,-5.71516,1,0,0
10056.5,1.00282,-0.018395,52838.1,5.23933,0,0.562269,-16.8793,1,0,0
10031.5,1.00282,-0.031489,52838.1,5.25239,0,1.78576,-1.96085,1,0,0
10030,1.00282,-0.0322767,52838.1,5.25318,0,1.78142,7.29659,1,0,0
10043,1.00282,-0.0254577,52838.1,5.24638,0,3.42717,-0.681986,1,0,0
10043.5,1.00282,-0.0251957,52838.1,5.24611,0,4.44226,-1,1,0,0
10043.5,1.00282,-0.0251957,52838.1,5.24611,0,5.03279,-1,1,0,0
10043.5,1.00282,-0.0251957,52838.1,5.24611,0,3.15776,-1.31801,1,0,0
10043,1.00282,-0.0254577,52838.1,5.24638,0,4.18879,-1.3177,1,0,0
10042.5,1.00282,-0.0257196,52838.1,5.24664,0,3.38728,-3.54621,1,0,0
10038.5,1.00282,-0.0278161,52838.1,5.24873,0,3.23823,-1,1,0,0
10038.5,1.00282,-0.0278161,52838.1,5.24873,0,3.60295,-1.31876,1,0,0
10038,1.00282,-0.0280783,52838.1,5.24899,0,3.63336,-3.8734,1,0,0
10033.5,1.00282,-0.0304391,52838.1,5.25134,0,3.88816,-1,1,0,0
10033.5,1.00282,-0.0304391,52838.1,5.25134,0,3.37592,-1,1,0,0
10033.5,1.00282,-0.0304391,52838.1,5.25134,0,4.06219,-1.31991,1,0,0
10033,1.00282,-0.0307015,52838.1,5.2516,0,3.15551,-1,1,0,0
10033,1.00282,-0.0307015,52838.1,5.2516,0,2.26527,8.23228,1,0,0
10047.5,1.00282,-0.0231013,52838.1,5.24403,0,-0.130947,-0.0501423,1,0,0
10049,1.00282,-0.0223163,52838.1,5.24324,0,2.59152,-1,1,0,0
10049,1.00282,-0.0223163,52838.1,5.24324,0,2.96361,-1,1,0,0
10049,1.00282,-0.0223163,52838.1,5.24324,0,3.29312,1.52946,1,0,0
10053,1.00282,-0.0202242,52838.1,5.24116,0,3.11459,-0.0529579,1,0,0
10054.5,1.00282,-0.0194401,52838.1,5.24037,0,2.35749,0.890939,1,0,0
10057.5,1.00282,-0.0178726,52838.1,5.23881,0,2.87954,3.7122,1,0,0
10065,1.00282,-0.0139578,52838.1,5.23491,0,2.99347,-1,1,0,0
10065,1.00282,-0.0139578,52838.1,5.23491,0,4.61667,-1,1,0,0
10065,1.00282,-0.0139578,52838.1,5.23491,2530.28,5.48559,-1.3133,0,1,0
10064.5,1.00282,-0.0142186,52838.1,5.23517,17273.8,6.94664,-0.686696,0,1,0
10065,1.00282,-0.0139578,52838.1,5.23491,0,4.9896,-1,1,0,0
10065,1.00282,-0.0139578,52838.1,5.23491,0,4.28412,-1.3133,1,0,0
10064.5,1.00282,-0.0142186,52838.1,5.23517,2875.54,5.52007,-0.686696,0,1,0
10065,1.00282,-0.0139578,52838.1,5.23491,0,4.82086,-1.3133,1,0,0
10064.5,1.00282,-0.0142186,52838.1,5.23517,13229.5,6.54594,-0.686696,0,1,0
10065,1.00282,-0.0139578,52838.1,5.23491,0,5.52683,-1,1,0,0
10065,1.00282,-0.0139578,52838.1,5.23491,0,3.12796,-1,1,0,0
10065,1.00282,-0.0139578,52838.1,5.23491,0,4.2626,-0.686768,1,0,0
10065.5,1.00282,-0.013697,52838.1,5.23465,0,3.4788,-0.0603478,1,0,0
10067,1.00282,-0.0129148,52838.1,5.23387,0,3.29608,-0.687056,1,0,0
10067.5,1.00282,-0.0126542,52838.1,5.23361,0,2.87061,-0.374327,1,0,0
10068.5,1.00282,-0.0121329,52838.1,5.23309,0,2.77876,3.36822,1,0,0
10075.5,1.00282,-0.00848693,52838.1,5.22945,0,2.08518,-1,1,0,0
10075.5,1.00282,-0.00848693,52838.1,5.22945,0,1.96958,-1,1,0,0
10075.5,1.00282,-0.00848693,52838.1,5.22945,0,3.34927,-1.31103,1,0,0
10075,1.00282,-0.00874719,52838.1,5.22971,0,4.19387,-1,1,0,0
10075,1.00282,-0.00874719,52838.1,5.22971,0,3.95969,-1,1,0,0
10075,1.00282,-0.00874719,52838.1,5.22971,0,1.24537,-1.93506,1,0,0
10073.5,1.00282,-0.00952812,52838.1,5.23049,0,0.70946,-1.3117,1,0,0
10073,1.00282,-0.00978848,52838.1,5.23075,0,2.08955,-1,1,0,0
10073,1.00282,-0.00978848,52838.1,5.23075,0,1.80349,-0.688301,1,0,0
10073.5,1.00282,-0.00952812,52838.1,5.23049,0,0.0266367,-1,1,0,0
10073.5,1.00282,-0.00952812,52838.1,5.23049,0,1.84307,-1.3117,1,0,0
10073,1.00282,-0.00978848,52838.1,5.23075,0,1.57069,-0.688301,1,0,0
10073.5,1.00282,-0.00952812,52838.1,5.23049,0,1.22572,-1.3117,1,0,0
10073,1.00282,-0.00978848,52838.1,5.23075,0,0.0831722,-1,1,0,0
10073,1.00282,-0.00978848,52838.1,5.23075,0,-1.0811,-1,1,0,0
10073,1.00282,-0.00978848,52838.1,5.23075,0,1.16313,-1,1,0,0
10073,1.00282,-0.00978848,52838.1,5.23075,0,1.54736,-1.31177,1,0,0
10072.5,1.00282,-0.0100489,52838.1,5.23101,0,1.07126,-4.7503,1,0,0
10066.5,1.00282,-0.0131755,52838.1,5.23413,0,-0.822284,-1,1,0,0
10066.5,1.00282,-0.0131755,52838.1,5.23413,0,2.15284,-1,1,0,0
10066.5,1.00282,-0.0131755,52838.1,5.23413,0,3.37491,-1.31309,1,0,0
10066,1.00282,-0.0134363,52838.1,5.23439,0,2.63405,-1.94008,1,0,0
10064.5,1.00282,-0.0142186,52838.1,5.23517,0,2.11136,-3.51136,1,0,0
10060.5,1.00282,-0.0163059,52838.1,5.23725,0,3.02506,-3.83248,1,0,0
10056,1.00282,-0.0186562,52838.1,5.23959,0,2.59563,-1,1,0,0
10056,1.00282,-0.0186562,52838.1,5.23959,0,5.19813,-0.685075,1,0,0
10056.5,1.00282,-0.018395,52838.1,5.23933,0,2.45876,-1,1,0,0
10056.5,1.00282,-0.018395,52838.1,5.23933,0,2.12745,-1.31492,1,0,0
10056,1.00282,-0.0186562,52838.1,5.23959,0,4.66122,-0.685075,1,0,0
10056.5,1.00282,-0.018395,52838.1,5.23933,0,3.33482,-1,1,0,0
10056.5,1.00282,-0.018395,52838.1,5.23933,0,2.80558,6.53373,1,0,0
10068.5,1.00282,-0.0121329,52838.1,5.23309,0,1.41906,-0.0624157,1,0,0
10070,1.00282,-0.0113512,52838.1,5.23231,0,3.71953,-0.687486,1,0,0
10070.5,1.00282,-0.0110907,52838.1,5.23205,0,3.86236,-1,1,0,0
10070.5,1.00282,-0.0110907,52838.1,5.23205,0,3.65918,-1,1,0,0
10070.5,1.00282,-0.0110907,52838.1,5.23205,0,3.20703,-1,1,0,0
10070.5,1.00282,-0.0110907,52838.1,5.23205,0,2.59973,-1,1,0,0
10070.5,1.00282,-0.0110907,52838.1,5.23205,0,2.02705,-1,1,0,0
10070.5,1.00282,-0.0110907,52838.1,5.23205,0,3.66511,-0.687945,1,0,0
10071,1.00282,-0.0108302,52838.1,5.23179,0,1.55058,0.559981,1,0,0
10073.5,1.00282,-0.00952812,52838.1,5.23049,0,2.96544,-1,1,0,0
10073.5,1.00282,-0.00952812,52838.1,5.23049,0,5.49049,-1.3117,1,0,0
10073,1.00282,-0.00978848,52838.1,5.23075,0,4.47347,-2.87285,1,0,0
10070,1.00282,-0.0113512,52838.1,5.23231,0,3.2077,-0.687486,1,0,0
10070.5,1.00282,-0.0110907,52838.1,5.23205,0,4.35165,-1.31251,1,0,0
10070,1.00282,-0.0113512,52838.1,5.23231,0,1.86584,-1,1,0,0
10070,1.00282,-0.0113512,52838.1,5.23231,0,2.94416,3.36445,1,0,0
10077,1.00282,-0.0077063,52838.1,5.22867,0,2.24618,-1,1,0,0
10077,1.00282,-0.0077063,52838.1,5.22867,0,6.22727,3.65492,1,0,0
10084.5,1.00282,-0.00380668,52838.1,5.22479,-194,5.2056,-1.30937,0,1,0
10084,1.00282,-0.00406647,52838.1,5.22504,39820.1,9.16276,-1,0,1,0
10084,1.00282,-0.00406647,52838.1,5.22504,24779.5,7.67543,-0.380938,0,1,0
10085,1.00282,-0.00354691,52838.1,5.22453,12626.9,6.47305,-0.690382,0,1,0
10085.5,1.00282,-0.00328717,52838.1,5.22427,16351.4,6.84098,-1,0,1,0
10085.5,1.00282,-0.00328717,52838.1,5.22427,19991.7,7.20091,-1,0,1,0
10085.5,1.00282,-0.00328717,52838.1,5.22427,27037.1,7.89751,-1.30962,0,1,0
10085,1.00282,-0.00354691,52838.1,5.22453,36750,8.85829,-0.690382,0,1,0
10085.5,1.00282,-0.00328717,52838.1,5.22427,29760.8,8.16681,-0.690836,0,1,0
10086,1.00282,-0.00302745,52838.1,5.22401,30372.5,8.22688,-1.30916,0,1,0
10085.5,1.00282,-0.00328717,52838.1,5.22427,42293.6,9.40597,-0.690836,0,1,0
10086,1.00282,-0.00302745,52838.1,5.22401,28127.2,8.00489,-1,0,1,0
10086,1.00282,-0.00302745,52838.1,5.22401,0,6.13093,0.545541,1,0,0
10088.5,1.00282,-0.00172925,52838.1,5.22271,0,5.7642,5.77179,1,0,0
10099.5,1.00282,0.0039752,52838.1,5.21703,0,3.81804,-1,1,0,0
10099.5,1.00282,0.0039752,52838.1,5.21703,15485.1,6.74596,-1,0,1,0
10099.5,1.00282,0.0039752,52838.1,5.21703,18865.6,7.07974,-1,0,1,0
10099.5,1.00282,0.0039752,52838.1,5.21703,35059.9,8.6787,4.20166,0,1,0
10108,1.00282,0.00837468,52838.1,5.21264,30021.2,8.17432,2.04692,0,1,0
10113,1.00282,0.0109592,52838.1,5.21006,40861.3,9.23915,0.216194,0,1,0
10115,1.00383,0.0119802,93673.7,9.22551,40835.5,9.23479,-2.02012,0,1,0
10113,1.00383,0.0101488,93673.7,9.22733,-24552.6,6.80877,-11.0718,0,1,0
10103,1.00383,0.000980493,93673.7,9.23646,-14536.3,7.80315,-0.494119,0,1,0
10103.5,1.00383,0.00143934,93673.7,9.23601,-37955.7,5.49366,-1,0,1,0
10103.5,1.00383,0.00143934,93673.7,9.23601,0,5.57453,0.51638,1,0,0
10105,1.00383,0.0028156,93673.7,9.23464,0,5.22825,3.0331,1,0,0
10109,1.00383,0.00648363,93673.7,9.23098,0,5.23801,0.00585053,1,0,0
10110,1.00383,0.00740018,93673.7,9.23007,0,7.92459,-4.02073,1,0,0
10107,1.00383,0.00464998,93673.7,9.23281,0,8.33213,-6.56075,1,0,0
10101.5,1.00383,-0.000396312,93673.7,9.23784,0,6.31498,-0.492806,1,0,0
10102,1.00383,6.26682e-05,93673.7,9.23738,0,2.9792,-1.50719,1,0,0
10101.5,1.00383,-0.000396312,93673.7,9.23784,0,1.74966,1.53182,1,0,0
10104,1.00383,0.00189814,93673.7,9.23555,0,0.41529,-1,1,0,0
10104,1.00383,0.00189814,93673.7,9.23555,0,4.17259,-1.50567,1,0,0
10103.5,1.00383,0.00143934,93673.7,9.23601,0,4.28836,-1,1,0,0
10103.5,1.00383,0.00143934,93673.7,9.23601,0,3.15298,-1,1,0,0
10103.5,1.00383,0.00143934,93673.7,9.23601,0,4.30261,-1,1,0,0
10103.5,1.00383,0.00143934,93673.7,9.23601,0,2.22944,-1,1,0,0
10103.5,1.00383,0.00143934,93673.7,9.23601,0,5.91594,-0.49433,1,0,0
10104,1.00383,0.00189814,93673.7,9.23555,0,5.72055,-1,1,0,0
10104,1.00383,0.00189814,93673.7,9.23555,0,5.26265,-1.50567,1,0,0
10103.5,1.00383,0.00143934,93673.7,9.23601,0,5.67395,2.5346,1,0,0
10107,1.00383,0.00464998,93673.7,9.23281,0,6.48218,-1.50373,1,0,0
10106.5,1.00383,0.00419145,93673.7,9.23327,-14893.6,7.76523,-0.496265,0,1,0
10107,1.00383,0.00464998,93673.7,9.23281,0,6.31717,-1,1,0,0
10107,1.00383,0.00464998,93673.7,9.23281,0,6.26449,21.9247,1,0,0
10130,1.00383,0.0256933,93673.7,9.21185,0,4.70269,-1,1,0,0
10130,1.00383,0.0256933,93673.7,9.21185,-40015.8,5.27671,-3.96039,0,1,0
10127,1.00383,0.0229539,93673.7,9.21458,0,4.93751,-1.49421,1,0,0
10126.5,1.00383,0.0224972,93673.7,9.21503,0,5.41229,-4.9629,1,0,0
10122.5,1.00383,0.0188418,93673.7,9.21867,0,5.82297,-3.98249,1,0,0
10119.5,1.00383,0.0160984,93673.7,9.2214,0,6.82731,-1,1,0,0
10119.5,1.00383,0.0160984,93673.7,9.2214,-14426.1,7.80127,-1,0,1,0
10119.5,1.00383,0.0160984,93673.7,9.2214,0,8.49872,-1.4979,1,0,0
10119,1.00383,0.015641,93673.7,9.22186,0,8.16369,-1,1,0,0
10119,1.00383,0.015641,93673.7,9.22186,-28430.6,6.42296,-1.49878,0,1,0
10118.5,1.00383,0.0151836,93673.7,9.22232,-22304.8,7.02638,-0.501223,0,1,0
10119,1.00383,0.015641,93673.7,9.22186,0,7.11171,-1.49878,1,0,0
10118.5,1.00383,0.0151836,93673.7,9.22232,0,5.51022,-1,1,0,0
10118.5,1.00383,0.0151836,93673.7,9.22232,0,3.95411,-1,1,0,0
10118.5,1.00383,0.0151836,93673.7,9.22232,-45749.9,4.71817,-0.501223,0,1,0
10119,1.00383,0.015641,93673.7,9.22186,0,4.17979,-1,1,0,0
10119,1.00383,0.015641,93673.7,9.22186,0,5.31687,-1,1,0,0
10119,1.00383,0.015641,93673.7,9.22186,0,4.83056,4.46379,1,0,0
10124.5,1.00383,0.0206699,93673.7,9.21685,0,4.46576,-1.49521,1,0,0
10124,1.00383,0.0202129,93673.7,9.21731,0,3.94293,-1,1,0,0
10124,1.00383,0.0202129,93673.7,9.21731,0,4.27104,-1,1,0,0
10124,1.00383,0.0202129,93673.7,9.21731,0,4.56188,-1,1,0,0
10124,1.00383,0.0202129,93673.7,9.21731,0,3.94133,-1,1,0,0
10124,1.00383,0.0202129,93673.7,9.21731,0,6.12829,-1,1,0,0
10124,1.00383,0.0202129,93673.7,9.21731,0,6.74199,-1,1,0,0
10124,1.00383,0.0202129,93673.7,9.21731,0,4.82809,-0.504787,1,0,0
10124.5,1.00383,0.0206699,93673.7,9.21685,0,2.8006,-1,1,0,0
10124.5,1.00383,0.0206699,93673.7,9.21685,0,2.64145,-1.99129,1,0,0
10123.5,1.00383,0.0197559,93673.7,9.21776,0,3.31133,-3.9794,1,0,0
10120.5,1.00383,0.0170131,93673.7,9.22049,0,5.31951,-0.502705,1,0,0
10121,1.00383,0.0174703,93673.7,9.22004,0,3.11005,-2.49249,1,0,0
10119.5,1.00383,0.0160984,93673.7,9.2214,0,2.43408,-3.99183,1,0,0
10116.5,1.00383,0.0133534,93673.7,9.22414,0,3.86117,-1,1,0,0
10116.5,1.00383,0.0133534,93673.7,9.22414,0,0.880707,-1,1,0,0
10116.5,1.00383,0.0133534,93673.7,9.22414,0,0.362468,-1,1,0,0
10116.5,1.00383,0.0133534,93673.7,9.22414,0,0.996068,-1,1,0,0
10116.5,1.00383,0.0133534,93673.7,9.22414,0,1.84186,-1,1,0,0
10116.5,1.00383,0.0133534,93673.7,9.22414,0,1.22512,-1,1,0,0
10116.5,1.00383,0.0133534,93673.7,9.22414,0,1.02295,-1,1,0,0
10116.5,1.00383,0.0133534,93673.7,9.22414,0,0.74889,-2.49935,1,0,0
10115,1.00383,0.0119802,93673.7,9.22551,0,2.78493,-1.49975,1,0,0
10114.5,1.00383,0.0115224,93673.7,9.22596,0,-0.120215,-1,1,0,0
10114.5,1.00383,0.0115224,93673.7,9.22596,0,0.691682,-1,1,0,0
10114.5,1.00383,0.0115224,93673.7,9.22596,0,1.40354,-0.500254,1,0,0
10115,1.00383,0.0119802,93673.7,9.22551,0,2.15547,-1.49975,1,0,0
10114.5,1.00383,0.0115224,93673.7,9.22596,0,4.74874,-0.500254,1,0,0
10115,1.00383,0.0119802,93673.7,9.22551,0,0.111981,-0.499789,1,0,0
10115.5,1.00383,0.012438,93673.7,9.22505,0,3.0911,0.498731,1,0,0
10117,1.00383,0.013811,93673.7,9.22368,0,2.90868,-1,1,0,0
10117,1.00383,0.013811,93673.7,9.22368,0,2.48717,-0.00276253,1,0,0
10118,1.00383,0.0147261,93673.7,9.22277,0,-0.00485845,-1,1,0,0
10118,1.00383,0.0147261,93673.7,9.22277,0,1.93866,-1,1,0,0
10118,1.00383,0.0147261,93673.7,9.22277,0,1.11712,-1,1,0,0
10118,1.00383,0.0147261,93673.7,9.22277,0,1.8974,-1,1,0,0
10118,1.00383,0.0147261,93673.7,9.22277,0,2.06493,-1,1,0,0
10118,1.00383,0.0147261,93673.7,9.22277,0,1.21444,-1.49852,1,0,0
10117.5,1.00383,0.0142686,93673.7,9.22323,0,3.04335,1.49121,1,0,0
10120,1.00383,0.0165558,93673.7,9.22095,0,1.32507,-1,1,0,0
10120,1.00383,0.0165558,93673.7,9.22095,0,2.23273,-1,1,0,0
10120,1.00383,0.0165558,93673.7,9.22095,0,2.05879,0.988107,1,0,0
10122,1.00383,0.0183847,93673.7,9.21913,0,2.90787,-0.503313,1,0,0
10122.5,1.00383,0.0188418,93673.7,9.21867,0,1.81878,-1,1,0,0
10122.5,1.00383,0.0188418,93673.7,9.21867,0,2.08501,-1,1,0,0
10122.5,1.00383,0.0188418,93673.7,9.21867,0,2.76502,-1,1,0,0
10122.5,1.00383,0.0188418,93673.7,9.21867,0,1.12619,-1,1,0,0
10122.5,1.00383,0.0188418,93673.7,9.21867,0,0.19149,-1,1,0,0
10122.5,1.00383,0.0188418,93673.7,9.21867,0,0.903407,-0.00789943,1,0,0
10123.5,1.00383,0.0197559,93673.7,9.21776,0,1.02028,-1,1,0,0
10123.5,1.00383,0.0197559,93673.7,9.21776,0,0.116095,-1,1,0,0
10123.5,1.00383,0.0197559,93673.7,9.21776,0,0.349964,-1,1,0,0
10123.5,1.00383,0.0197559,93673.7,9.21776,0,1.45845,-0.00870649,1,0,0
10124.5,1.00383,0.0206699,93673.7,9.21685,0,3.21694,-1,1,0,0
10124.5,1.00383,0.0206699,93673.7,9.21685,0,4.56947,-1,1,0,0
10124.5,1.00383,0.0206699,93673.7,9.21685,0,3.5027,-1.49521,1,0,0
10124,1.00383,0.0202129,93673.7,9.21731,0,2.62987,-1,1,0,0
10124,1.00383,0.0202129,93673.7,9.21731,0,3.86697,-0.504787,1,0,0
10124.5,1.00383,0.0206699,93673.7,9.21685,0,2.25013,-1,1,0,0
10124.5,1.00383,0.0206699,93673.7,9.21685,0,4.11818,-1.49521,1,0,0
10124,1.00383,0.0202129,93673.7,9.21731,0,3.0582,-2.48818,1,0,0
10122.5,1.00383,0.0188418,93673.7,9.21867,0,3.14583,-6.47473,1,0,0
10117,1.00383,0.013811,93673.7,9.22368,0,3.45168,-0.501279,1,0,0
10117.5,1.00383,0.0142686,93673.7,9.22323,0,4.9161,-1.49872,1,0,0
10117,1.00383,0.013811,93673.7,9.22368,0,3.68178,-0.501279,1,0,0
10117.5,1.00383,0.0142686,93673.7,9.22323,0,3.0451,-6.50258,1,0,0
10112,1.00383,0.00923275,93673.7,9.22824,0,4.04994,-1,1,0,0
10112,1.00383,0.00923275,93673.7,9.22824,0,5.99917,-0.498552,1,0,0
10112.5,1.00383,0.00969078,93673.7,9.22779,0,2.3871,-1.50145,1,0,0
10112,1.00383,0.00923275,93673.7,9.22824,0,2.52963,-1,1,0,0
10112,1.00383,0.00923275,93673.7,9.22824,0,3.48974,-1,1,0,0
10112,1.00383,0.00923275,93673.7,9.22824,0,4.41486,-1,1,0,0
10112,1.00383,0.00923275,93673.7,9.22824,0,4.61534,-0.498552,1,0,0
10112.5,1.00383,0.00969078,93673.7,9.22779,0,1.55273,1.00373,1,0,0
10114.5,1.00383,0.0115224,93673.7,9.22596,0,2.49786,7.4699,1,0,0
10123,1.00383,0.0192989,93673.7,9.21822,0,2.62606,-0.504384,1,0,0
10123.5,1.01644,0.00846976,40159.7,3.90282,-53513.9,3.95183,1.25215,0,1,0
10125.5,1.01644,0.00925332,40159.7,3.90205,57674.2,9.50585,-1,0,1,0
10125.5,1.01644,0.00925332,40159.7,3.90205,60711.9,9.80101,1.40028,0,1,0
10130.5,1.01644,0.0112109,40159.7,3.90012,56108.7,9.34913,-1,0,1,0
10130.5,1.01644,0.0112109,40159.7,3.90012,57939.7,9.52694,-1,0,1,0
10130.5,1.01644,0.0112109,40159.7,3.90012,48364.1,8.59701,-1,0,1,0
10130.5,1.01644,0.0112109,40159.7,3.90012,37671.3,7.55858,-1.23988,0,1,0
10130,1.01644,0.0110152,40159.7,3.90031,53662.2,9.11198,-0.760118,0,1,0
10130.5,1.01644,0.0112109,40159.7,3.90012,61561.6,9.87868,-1,0,1,0
10130.5,1.01644,0.0112109,40159.7,3.90012,62027.8,9.92396,-1,0,1,0
10130.5,1.01644,0.0112109,40159.7,3.90012,0,9.60219,-1,1,0,0
10130.5,1.01644,0.0112109,40159.7,3.90012,57703.1,9.50396,-0.041428,0,1,0
10132.5,1.01644,0.0119934,40159.7,3.89935,62401.4,9.95828,-1,0,1,0
10132.5,1.01746,0.011975,81525.6,7.90788,41365.9,7.91582,-2.63938,0,1,0
10129.5,1.01746,0.00959204,81525.6,7.91022,0,0.20834,-1.4364,1,0,0
10129,1.01746,0.00919475,81525.6,7.91061,0,6.12106,-1,1,0,0
10129,1.01746,0.00919475,81525.6,7.91061,0,8.22971,-1,1,0,0
10129,1.01746,0.00919475,81525.6,7.91061,0,1.89703,-0.563603,1,0,0
10129.5,1.01746,0.00959204,81525.6,7.91022,0,1.71075,-1.4364,1,0,0
10129,1.01746,0.00919475,81525.6,7.91061,0,1.42115,-1,1,0,0
10129,1.01746,0.00919475,81525.6,7.91061,0,-0.900804,-0.563603,1,0,0
10129.5,1.01746,0.00959204,81525.6,7.91022,0,6.26264,-1.4364,1,0,0
10129,1.01746,0.00919475,81525.6,7.91061,0,3.24247,-1,1,0,0
10129,1.01746,0.00919475,81525.6,7.91061,0,3.22455,-1,1,0,0
10129,1.01746,0.00919475,81525.6,7.91061,0,7.84135,-0.563603,1,0,0
10129.5,1.01746,0.00959204,81525.6,7.91022,-12688.1,6.67912,-1,0,1,0
10129.5,1.01746,0.00959204,81525.6,7.91022,0,1.11704,-1,1,0,0
10129.5,1.01746,0.00959204,81525.6,7.91022,-48078.9,3.24525,-1.4364,0,1,0
10129,1.01746,0.00919475,81525.6,7.91061,-56986,2.38114,-0.563603,0,1,0
10129.5,1.01746,0.00959204,81525.6,7.91022,0,2.81698,-1,1,0,0
10129.5,1.01746,0.00959204,81525.6,7.91022,-23919.4,5.58938,-1,0,1,0
10129.5,1.01746,0.00959204,81525.6,7.91022,-1445.63,7.76995,-1,0,1,0
10129.5,1.01746,0.00959204,81525.6,7.91022,14266.3,9.29443,-1,0,1,0
10129.5,1.01746,0.00959204,81525.6,7.91022,14462.6,9.31349,-1,0,1,0
10129.5,1.01746,0.00959204,81525.6,7.91022,10157.1,8.89573,-1,0,1,0
10129.5,1.01923,0.00813109,69108.6,6.69379,-12417.1,6.70542,1.55858,0,1,0
10132.5,1.01923,0.0101511,69108.6,6.69181,6264.68,7.29842,-1,0,1,0
10132.5,1.01923,0.0101511,69108.6,6.69181,3483.54,7.02912,-1.37619,0,1,0
10132,1.01923,0.00981449,69108.6,6.69214,-4707.22,6.23632,-0.623806,0,1,0
10132.5,1.01923,0.0101511,69108.6,6.69181,-3107.22,6.39094,-2.1294,0,1,0
10131,1.01923,0.00914123,69108.6,6.6928,12578.2,7.91093,-1,0,1,0
10131,1.01923,0.00914123,69108.6,6.6928,-34344.7,3.36669,-1,0,1,0
10131,1.01923,0.00914123,69108.6,6.6928,0,4.5552,-1,1,0,0
10131,1.01923,0.00914123,69108.6,6.6928,0,4.1221,-1,1,0,0
10131,1.01923,0.00914123,69108.6,6.6928,0,5.00443,-1,1,0,0
10131,1.01923,0.00914123,69108.6,6.6928,0,1.66387,-1,1,0,0
10131,1.01923,0.00914123,69108.6,6.6928,0,2.62386,-2.50821,1,0,0
10129,1.01923,0.0077943,69108.6,6.69412,0,4.45669,-1,1,0,0
10129,1.01923,0.0077943,69108.6,6.69412,0,4.92046,-0.622659,1,0,0
10129.5,1.01923,0.00813109,69108.6,6.69379,0,2.4255,-1.37734,1,0,0
10129,1.01923,0.0077943,69108.6,6.69412,0,3.55341,-1,1,0,0
10129,1.01923,0.0077943,69108.6,6.69412,0,4.34109,-0.622659,1,0,0
10129.5,1.01923,0.00813109,69108.6,6.69379,0,3.36368,-1,1,0,0
10129.5,1.01923,0.00813109,69108.6,6.69379,0,4.4332,-1,1,0,0
10129.5,1.01923,0.00813109,69108.6,6.69379,-24016.9,4.36753,-1.37734,0,1,0
10129,1.01923,0.0077943,69108.6,6.69412,0,3.18211,-0.622659,1,0,0
10129.5,1.01923,0.00813109,69108.6,6.69379,0,4.73293,-1.37734,1,0,0
10129,1.01923,0.0077943,69108.6,6.69412,0,6.18655,-1,1,0,0
10129,1.01923,0.0077943,69108.6,6.69412,0,6.91328,-0.622659,1,0,0
10129.5,1.01923,0.00813109,69108.6,6.69379,0,2.46957,-1,1,0,0
10129.5,1.01923,0.00813109,69108.6,6.69379,0,8.67662,-1,1,0,0
10129.5,1.01923,0.00813109,69108.6,6.69379,3065.33,6.9907,-1,0,1,0
10129.5,1.01923,0.00813109,69108.6,6.69379,0,3.97699,-1.37734,1,0,0
10129,1.01923,0.0077943,69108.6,6.69412,0,2.71398,-1.37745,1,0,0
10128.5,1.01923,0.00745749,69108.6,6.69445,0,2.27049,-1.37756,1,0,0
10128,1.01923,0.00712064,69108.6,6.69478,0,5.09176,-1,1,0,0
10128,1.01923,0.00712064,69108.6,6.69478,0,2.79818,-1,1,0,0
10128,1.01923,0.00712064,69108.6,6.69478,0,4.64289,-1,1,0,0
10128,1.01923,0.00712064,69108.6,6.69478,0,5.50532,-1.75545,1,0,0
10127,1.01923,0.00644685,69108.6,6.69544,0,4.22445,-1,1,0,0
10127,1.01923,0.00644685,69108.6,6.69544,0,1.44312,-0.622219,1,0,0
10127.5,1.01923,0.00678376,69108.6,6.69511,0,5.12415,-1,1,0,0
10127.5,1.01923,0.00678376,69108.6,6.69511,0,3.48472,-1,1,0,0
10127.5,1.01923,0.00678376,69108.6,6.69511,0,3.6456,-1,1,0,0
10127.5,1.01923,0.00678376,69108.6,6.69511,0,1.84328,0.510023,1,0,0
10129.5,1.01923,0.00813109,69108.6,6.69379,0,4.14018,0.884077,1,0,0
10132,1.01923,0.00981449,69108.6,6.69214,0,3.22681,-0.623806,1,0,0
10132.5,1.01923,0.0101511,69108.6,6.69181,0,6.402,-1,1,0,0
10132.5,1.01923,0.0101511,69108.6,6.69181,-6151.3,6.09618,-1,0,1,0
10132.5,1.01923,0.0101511,69108.6,6.69181,0,5.21491,-1.37619,1,0,0
10132,1.01923,0.00981449,69108.6,6.69214,0,3.42157,-0.623806,1,0,0
10132.5,1.01923,0.0101511,69108.6,6.69181,0,3.67655,-1.37619,1,0,0
10132,1.01923,0.00981449,69108.6,6.69214,0,5.34637,-1,1,0,0
10132,1.01923,0.00981449,69108.6,6.69214,0,4.19313,-0.623806,1,0,0
10132.5,1.01923,0.0101511,69108.6,6.69181,0,2.9328,-1,1,0,0
10132.5,1.01923,0.0101511,69108.6,6.69181,0,1.70318,-1,1,0,0
10132.5,1.01923,0.0101511,69108.6,6.69181,-49094.6,1.93796,-1.37619,0,1,0
10132,1.01923,0.00981449,69108.6,6.69214,-15679.3,5.17384,-1,0,1,0
10132,1.01923,0.00981449,69108.6,6.69214,0,1.24954,-1,1,0,0
10132,1.01923,0.00981449,69108.6,6.69214,0,2.31076,-1,1,0,0
10132,1.01923,0.00981449,69108.6,6.69214,0,2.48921,-1,1,0,0
10132,1.01923,0.00981449,69108.6,6.69214,0,1.23873,-1,1,0,0
10132,1.01923,0.00981449,69108.6,6.69214,0,5.69572,-1,1,0,0
10132,1.01923,0.00981449,69108.6,6.69214,-71141.3,-0.196846,-1,0,1,0
10132,1.01923,0.00981449,69108.6,6.69214,-69581.4,-0.0457858,-0.623806,0,1,0
10132.5,1.01923,0.0101511,69108.6,6.69181,0,2.68914,-1,1,0,0
10132.5,1.01923,0.0101511,69108.6,6.69181,-96595.6,-2.66158,-1.75299,0,1,0
10131.5,1.01923,0.00947788,69108.6,6.69247,-52191.8,1.63822,-1.37641,0,1,0
10131,1.01923,0.00914123,69108.6,6.6928,0,-0.653074,-1,1,0,0
10131,1.01923,0.00914123,69108.6,6.6928,0,2.02262,-1,1,0,0
10131,1.01923,0.00914123,69108.6,6.6928,0,0.487905,-0.623588,1,0,0
10131.5,1.01923,0.00947788,69108.6,6.69247,-42386.5,2.58776,-1,0,1,0
10131.5,1.01923,0.00947788,69108.6,6.69247,0,1.62878,-1,1,0,0
10131.5,1.01923,0.00947788,69108.6,6.69247,0,0.816526,-1.37641,1,0,0
10131,1.01923,0.00914123,69108.6,6.6928,-46931.5,2.14773,-1,0,1,0
10131,1.01923,0.00914123,69108.6,6.6928,-62546.6,0.635493,-1,0,1,0
10131,1.01923,0.00914123,69108.6,6.6928,0,1.47676,-3.26322,1,0,0
10128,1.01923,0.00712064,69108.6,6.69478,0,1.17417,-4.404,1,0,0
10123.5,1.01923,0.00408752,69108.6,6.69776,0,1.22988,-1,1,0,0
10123.5,1.01923,0.00408752,69108.6,6.69776,0,-6.67033,-1,1,0,0
10123.5,1.01923,0.00408752,69108.6,6.69776,-57127.4,1.16117,-1,0,1,0
10123.5,1.01923,0.00408752,69108.6,6.69776,-32608.2,3.53749,-1.37867,0,1,0
10123,1.01923,0.00375034,69108.6,6.69809,-80012,-1.05678,-2.89696,0,1,0
10120.5,1.01923,0.00206394,69108.6,6.69974,-143746,-7.23576,-0.620286,0,1,0
10121,1.01923,0.00240129,69108.6,6.69941,0,-1.5538,-1.37971,1,0,0
10120.5,1.01923,0.00206394,69108.6,6.69974,0,1.11249,-1,1,0,0
10120.5,1.01923,0.00206394,69108.6,6.69974,0,3.18536,-1,1,0,0
10120.5,1.01923,0.00206394,69108.6,6.69974,0,2.06245,-1,1,0,0
10120.5,1.01923,0.00206394,69108.6,6.69974,0,1.1517,-1,1,0,0
10120.5,1.01923,0.00206394,69108.6,6.69974,-58618.8,1.01694,-1,0,1,0
10120.5,1.01923,0.00206394,69108.6,6.69974,-34781.9,3.3278,-1,0,1,0
10120.5,1.01923,0.00206394,69108.6,6.69974,0,-1.10792,-3.66162,1,0,0
10117,1.01923,-0.000298419,69108.6,6.70206,0,-0.878597,-1.76182,1,0,0
10116,1.01923,-0.000973679,69108.6,6.70272,0,-1.50486,-1.76277,1,0,0
10115,1.01923,-0.00164907,69108.6,6.70339,0,0.159138,-1.38106,1,0,0
10114.5,1.01923,-0.00198682,69108.6,6.70372,0,0.996724,-3.29169,1,0,0
10111.5,1.01923,-0.004014,69108.6,6.70571,0,1.70304,-1,1,0,0
10111.5,1.01923,-0.004014,69108.6,6.70571,-54224.3,1.44424,-1,0,1,0
10111.5,1.01923,-0.004014,69108.6,6.70571,0,1.60739,-0.61777,1,0,0
10112,1.01923,-0.00367606,69108.6,6.70538,-33150.1,3.48893,-1,0,1,0
10112,1.01923,-0.00367606,69108.6,6.70538,-35136.2,3.29622,-1.38223,0,1,0
10111.5,1.01923,-0.004014,69108.6,6.70571,0,4.88703,1.29169,1,0,0
10114.5,1.01923,-0.00198682,69108.6,6.70372,-24894.8,4.28885,-0.618941,0,1,0
10115,1.01923,-0.00164907,69108.6,6.70339,0,2.06995,-1,1,0,0
10115,1.01923,-0.00164907,69108.6,6.70339,-32094,3.59033,-1.38106,0,1,0
10114.5,1.01923,-0.00198682,69108.6,6.70372,0,1.28362,-0.618941,1,0,0
10115,1.01923,-0.00164907,69108.6,6.70339,-29431.1,3.84864,-1,0,1,0
10115,1.01923,-0.00164907,69108.6,6.70339,0,3.07155,-1.38106,1,0,0
10114.5,1.01923,-0.00198682,69108.6,6.70372,-33315.2,3.47205,-0.618941,0,1,0
10115,1.01923,-0.00164907,69108.6,6.70339,0,4.41246,-1.38106,1,0,0
10114.5,1.01923,-0.00198682,69108.6,6.70372,0,2.62713,-1,1,0,0
10114.5,1.01923,-0.00198682,69108.6,6.70372,0,2.71579,-1,1,0,0
10114.5,1.01923,-0.00198682,69108.6,6.70372,0,2.92913,-0.618941,1,0,0
10115,1.01923,-0.00164907,69108.6,6.70339,0,0.461176,-1.38106,1,0,0
10114.5,1.01923,-0.00198682,69108.6,6.70372,0,2.36249,-1,1,0,0
10114.5,1.01923,-0.00198682,69108.6,6.70372,0,2.68654,-1,1,0,0
10114.5,1.01923,-0.00198682,69108.6,6.70372,0,0.88609,-1,1,0,0
10114.5,1.01923,-0.00198682,69108.6,6.70372,0,1.13658,-1.38167,1,0,0
10114,1.01923,-0.0023246,69108.6,6.70405,0,1.2324,-2.14567,1,0,0
10112.5,1.01923,-0.00333814,69108.6,6.70504,0,0.10719,-0.617996,1,0,0
10113,1.01923,-0.00300026,69108.6,6.70471,0,0.906938,-1.382,1,0,0
10112.5,1.01923,-0.00333814,69108.6,6.70504,0,-1.82959,-2.91172,1,0,0
10110,1.01923,-0.00502805,69108.6,6.7067,0,0.393283,-2.53241,1,0,0
10108,1.01923,-0.00638057,69108.6,6.70803,0,-1.4967,-1,1,0,0
10108,1.01923,-0.00638057,69108.6,6.70803,0,1.16561,-1,1,0,0
10108,1.01923,-0.00638057,69108.6,6.70803,0,-1.04721,-1,1,0,0
10108,1.01923,-0.00638057,69108.6,6.70803,0,1.46242,-1,1,0,0
10108,1.01923,-0.00638057,69108.6,6.70803,0,2.60876,-1,1,0,0
10108,1.01923,-0.00638057,69108.6,6.70803,0,4.80564,-1,1,0,0
10108,1.01923,-0.00638057,69108.6,6.70803,0,3.72302,-1,1,0,0
10108,1.01923,-0.00638057,69108.6,6.70803,0,1.90803,-1,1,0,0
10108,1.01923,-0.00638057,69108.6,6.70803,0,3.94231,-1,1,0,0
